{"hourFormat":"+H:mm;-H:mm","gmtFormat":"GMT%1$s","gmtZeroFormat":"GMT","regionFormat":"שעון %1$s","regionFormat-type-standard":"שעון %1$s (חורף)","regionFormat-type-daylight":"שעון %1$s (קיץ)","fallbackFormat":"%2$s (%1$s)","zone":{"America":{"Adak":{"exemplarCity":"אדאק"},"Anchorage":{"exemplarCity":"אנקורג׳"},"Anguilla":{"exemplarCity":"אנגווילה"},"Antigua":{"exemplarCity":"אנטיגואה"},"Araguaina":{"exemplarCity":"אראגואינה"},"Argentina":{"La_Rioja":{"exemplarCity":"לה ריוחה"},"Rio_Gallegos":{"exemplarCity":"ריו גאייגוס"},"Salta":{"exemplarCity":"סלטה"},"San_Juan":{"exemplarCity":"סן חואן"},"San_Luis":{"exemplarCity":"סן לואיס"},"Tucuman":{"exemplarCity":"טוקומן"},"Ushuaia":{"exemplarCity":"אושוואיה"}},"Aruba":{"exemplarCity":"ארובה"},"Asuncion":{"exemplarCity":"אסונסיון"},"Bahia":{"exemplarCity":"בהיאה"},"Bahia_Banderas":{"exemplarCity":"באהיה בנדרס"},"Barbados":{"exemplarCity":"ברבדוס"},"Belem":{"exemplarCity":"בלם"},"Belize":{"exemplarCity":"בליז"},"Blanc-Sablon":{"exemplarCity":"בלאן-סבלון"},"Boa_Vista":{"exemplarCity":"בואה ויסטה"},"Bogota":{"exemplarCity":"בוגוטה"},"Boise":{"exemplarCity":"בויסי"},"Buenos_Aires":{"exemplarCity":"בואנוס איירס"},"Cambridge_Bay":{"exemplarCity":"קיימברידג׳ ביי"},"Campo_Grande":{"exemplarCity":"קמפו גרנדה"},"Cancun":{"exemplarCity":"קנקון"},"Caracas":{"exemplarCity":"קראקס"},"Catamarca":{"exemplarCity":"קטמרקה"},"Cayenne":{"exemplarCity":"קאיין"},"Cayman":{"exemplarCity":"קיימן"},"Chicago":{"exemplarCity":"שיקגו"},"Chihuahua":{"exemplarCity":"צ׳יוואווה"},"Coral_Harbour":{"exemplarCity":"אטיקוקן"},"Cordoba":{"exemplarCity":"קורדובה"},"Costa_Rica":{"exemplarCity":"קוסטה ריקה"},"Creston":{"exemplarCity":"קרסטון"},"Cuiaba":{"exemplarCity":"קויאבה"},"Curacao":{"exemplarCity":"קוראסאו"},"Danmarkshavn":{"exemplarCity":"דנמרקסהוון"},"Dawson":{"exemplarCity":"דוסון"},"Dawson_Creek":{"exemplarCity":"דוסון קריק"},"Denver":{"exemplarCity":"דנוור"},"Detroit":{"exemplarCity":"דטרויט"},"Dominica":{"exemplarCity":"דומיניקה"},"Edmonton":{"exemplarCity":"אדמונטון"},"Eirunepe":{"exemplarCity":"אירונפי"},"El_Salvador":{"exemplarCity":"אל סלבדור"},"Fortaleza":{"exemplarCity":"פורטאלזה"},"Glace_Bay":{"exemplarCity":"גלייס ביי"},"Godthab":{"exemplarCity":"נואוק"},"Goose_Bay":{"exemplarCity":"גוס ביי"},"Grand_Turk":{"exemplarCity":"גרנד טורק"},"Grenada":{"exemplarCity":"גרנדה"},"Guadeloupe":{"exemplarCity":"גואדלופ"},"Guatemala":{"exemplarCity":"גואטמלה"},"Guayaquil":{"exemplarCity":"גואיאקיל"},"Guyana":{"exemplarCity":"גיאנה"},"Halifax":{"exemplarCity":"הליפקס"},"Havana":{"exemplarCity":"הוואנה"},"Hermosillo":{"exemplarCity":"הרמוסיו"},"Indiana":{"Knox":{"exemplarCity":"נוקס, אינדיאנה"},"Marengo":{"exemplarCity":"מרנגו, אינדיאנה"},"Petersburg":{"exemplarCity":"פיטרסבורג, אינדיאנה"},"Tell_City":{"exemplarCity":"טל סיטי, אינדיאנה"},"Vevay":{"exemplarCity":"ויוואיי, אינדיאנה"},"Vincennes":{"exemplarCity":"וינסנס, אינדיאנה"},"Winamac":{"exemplarCity":"וינמאק, אינדיאנה"}},"Indianapolis":{"exemplarCity":"אינדיאנפוליס"},"Inuvik":{"exemplarCity":"אינוויק"},"Iqaluit":{"exemplarCity":"איקלואיט"},"Jamaica":{"exemplarCity":"ג׳מייקה"},"Jujuy":{"exemplarCity":"חוחוי"},"Juneau":{"exemplarCity":"ג׳ונו"},"Kentucky":{"Monticello":{"exemplarCity":"מונטיצ׳לו, קנטאקי"}},"Kralendijk":{"exemplarCity":"קרלנדייק"},"La_Paz":{"exemplarCity":"לה פאס"},"Lima":{"exemplarCity":"לימה"},"Los_Angeles":{"exemplarCity":"לוס אנג׳לס"},"Louisville":{"exemplarCity":"לואיוויל"},"Lower_Princes":{"exemplarCity":"לואוור פרינסס קוורטר"},"Maceio":{"exemplarCity":"מאסיו"},"Managua":{"exemplarCity":"מנגואה"},"Manaus":{"exemplarCity":"מנאוס"},"Marigot":{"exemplarCity":"מריגו"},"Martinique":{"exemplarCity":"מרטיניק"},"Matamoros":{"exemplarCity":"מטמורוס"},"Mazatlan":{"exemplarCity":"מזטלן"},"Mendoza":{"exemplarCity":"מנדוזה"},"Menominee":{"exemplarCity":"מנומיני"},"Merida":{"exemplarCity":"מרידה"},"Metlakatla":{"exemplarCity":"מטלקטלה"},"Mexico_City":{"exemplarCity":"מקסיקו סיטי"},"Miquelon":{"exemplarCity":"מיקלון"},"Moncton":{"exemplarCity":"מונקטון"},"Monterrey":{"exemplarCity":"מונטריי"},"Montevideo":{"exemplarCity":"מונטווידאו"},"Montserrat":{"exemplarCity":"מונסראט"},"Nassau":{"exemplarCity":"נסאו"},"New_York":{"exemplarCity":"ניו יורק"},"Nipigon":{"exemplarCity":"ניפיגון"},"Nome":{"exemplarCity":"נום"},"Noronha":{"exemplarCity":"נורונהה"},"North_Dakota":{"Beulah":{"exemplarCity":"ביולה, צפון דקוטה"},"Center":{"exemplarCity":"סנטר, צפון דקוטה"},"New_Salem":{"exemplarCity":"ניו סיילם, צפון דקוטה"}},"Ojinaga":{"exemplarCity":"אוג׳ינאגה"},"Panama":{"exemplarCity":"פנמה"},"Pangnirtung":{"exemplarCity":"פנגנירטונג"},"Paramaribo":{"exemplarCity":"פרמריבו"},"Phoenix":{"exemplarCity":"פיניקס"},"Port-au-Prince":{"exemplarCity":"פורט או פראנס"},"Port_of_Spain":{"exemplarCity":"פורט אוף ספיין"},"Porto_Velho":{"exemplarCity":"פורטו וולהו"},"Puerto_Rico":{"exemplarCity":"פוארטו ריקו"},"Rainy_River":{"exemplarCity":"רייני ריבר"},"Rankin_Inlet":{"exemplarCity":"רנקין אינלט"},"Recife":{"exemplarCity":"רסיפה"},"Regina":{"exemplarCity":"רג׳ינה"},"Resolute":{"exemplarCity":"רזולוט"},"Rio_Branco":{"exemplarCity":"ריו ברנקו"},"Santa_Isabel":{"exemplarCity":"סנטה איסבל"},"Santarem":{"exemplarCity":"סנטרם"},"Santiago":{"exemplarCity":"סנטיאגו"},"Santo_Domingo":{"exemplarCity":"סנטו דומינגו"},"Sao_Paulo":{"exemplarCity":"סאו פאולו"},"Scoresbysund":{"exemplarCity":"סקורסביסונד"},"Sitka":{"exemplarCity":"סיטקה"},"St_Barthelemy":{"exemplarCity":"סנט ברתלמי"},"St_Johns":{"exemplarCity":"סנט ג׳ונס"},"St_Kitts":{"exemplarCity":"סנט קיטס"},"St_Lucia":{"exemplarCity":"סנט לוסיה"},"St_Thomas":{"exemplarCity":"סנט תומאס"},"St_Vincent":{"exemplarCity":"סנט וינסנט"},"Swift_Current":{"exemplarCity":"סוויפט קרנט"},"Tegucigalpa":{"exemplarCity":"טגוסיגלפה"},"Thule":{"exemplarCity":"טולה"},"Thunder_Bay":{"exemplarCity":"ת׳אנדר ביי"},"Tijuana":{"exemplarCity":"טיחואנה"},"Toronto":{"exemplarCity":"טורונטו"},"Tortola":{"exemplarCity":"טורטולה"},"Vancouver":{"exemplarCity":"ונקובר"},"Whitehorse":{"exemplarCity":"ווייטהורס"},"Winnipeg":{"exemplarCity":"וויניפג"},"Yakutat":{"exemplarCity":"יקוטאט"},"Yellowknife":{"exemplarCity":"ילונייף"}},"Atlantic":{"Azores":{"exemplarCity":"האיים האזוריים"},"Bermuda":{"exemplarCity":"ברמודה"},"Canary":{"exemplarCity":"האיים הקנריים"},"Cape_Verde":{"exemplarCity":"כף ורדה"},"Faeroe":{"exemplarCity":"פארו"},"Madeira":{"exemplarCity":"מדיירה"},"Reykjavik":{"exemplarCity":"רייקיאוויק"},"South_Georgia":{"exemplarCity":"דרום גיאורגיה"},"St_Helena":{"exemplarCity":"סנט הלנה"},"Stanley":{"exemplarCity":"סטנלי"}},"Europe":{"Amsterdam":{"exemplarCity":"אמסטרדם"},"Andorra":{"exemplarCity":"אנדורה"},"Athens":{"exemplarCity":"אתונה"},"Belgrade":{"exemplarCity":"בלגרד"},"Berlin":{"exemplarCity":"ברלין"},"Bratislava":{"exemplarCity":"ברטיסלבה"},"Brussels":{"exemplarCity":"בריסל"},"Bucharest":{"exemplarCity":"בוקרשט"},"Budapest":{"exemplarCity":"בודפשט"},"Busingen":{"exemplarCity":"בוזינגן"},"Chisinau":{"exemplarCity":"קישינב"},"Copenhagen":{"exemplarCity":"קופנהגן"},"Dublin":{"long":{"daylight":"שעון קיץ אירי"},"exemplarCity":"דבלין"},"Gibraltar":{"exemplarCity":"גיברלטר"},"Guernsey":{"exemplarCity":"גרנזי"},"Helsinki":{"exemplarCity":"הלסינקי"},"Isle_of_Man":{"exemplarCity":"האי מאן"},"Istanbul":{"exemplarCity":"איסטנבול"},"Jersey":{"exemplarCity":"ג׳רסי"},"Kaliningrad":{"exemplarCity":"קלינינגרד"},"Kiev":{"exemplarCity":"קייב"},"Lisbon":{"exemplarCity":"ליסבון"},"Ljubljana":{"exemplarCity":"לובליאנה"},"London":{"long":{"daylight":"שעון קיץ בריטי"},"exemplarCity":"לונדון"},"Luxembourg":{"exemplarCity":"לוקסמבורג"},"Madrid":{"exemplarCity":"מדריד"},"Malta":{"exemplarCity":"מלטה"},"Mariehamn":{"exemplarCity":"מריהמן"},"Minsk":{"exemplarCity":"מינסק"},"Monaco":{"exemplarCity":"מונקו"},"Moscow":{"exemplarCity":"מוסקבה"},"Oslo":{"exemplarCity":"אוסלו"},"Paris":{"exemplarCity":"פריז"},"Podgorica":{"exemplarCity":"פודגוריקה"},"Prague":{"exemplarCity":"פראג"},"Riga":{"exemplarCity":"ריגה"},"Rome":{"exemplarCity":"רומא"},"Samara":{"exemplarCity":"סמרה"},"San_Marino":{"exemplarCity":"סן מרינו"},"Sarajevo":{"exemplarCity":"סרייבו"},"Simferopol":{"exemplarCity":"סימפרופול"},"Skopje":{"exemplarCity":"סקופיה"},"Sofia":{"exemplarCity":"סופיה"},"Stockholm":{"exemplarCity":"שטוקהולם"},"Tallinn":{"exemplarCity":"טלין"},"Tirane":{"exemplarCity":"טיראנה"},"Uzhgorod":{"exemplarCity":"אוז׳הורוד"},"Vaduz":{"exemplarCity":"ואדוז"},"Vatican":{"exemplarCity":"הוותיקן"},"Vienna":{"exemplarCity":"וינה"},"Vilnius":{"exemplarCity":"וילנה"},"Volgograd":{"exemplarCity":"וולגוגרד"},"Warsaw":{"exemplarCity":"ורשה"},"Zagreb":{"exemplarCity":"זאגרב"},"Zaporozhye":{"exemplarCity":"זפוריז׳יה"},"Zurich":{"exemplarCity":"ציריך"}},"Africa":{"Abidjan":{"exemplarCity":"אביג׳אן"},"Accra":{"exemplarCity":"אקרה"},"Addis_Ababa":{"exemplarCity":"אדיס אבבה"},"Algiers":{"exemplarCity":"אלג׳יר"},"Asmera":{"exemplarCity":"אסמרה"},"Bamako":{"exemplarCity":"במאקו"},"Bangui":{"exemplarCity":"בנגואי"},"Banjul":{"exemplarCity":"בנג׳ול"},"Bissau":{"exemplarCity":"ביסאו"},"Blantyre":{"exemplarCity":"בלנטיר"},"Brazzaville":{"exemplarCity":"ברזוויל"},"Bujumbura":{"exemplarCity":"בוג׳ומבורה"},"Cairo":{"exemplarCity":"קהיר"},"Casablanca":{"exemplarCity":"קזבלנקה"},"Ceuta":{"exemplarCity":"סאוטה"},"Conakry":{"exemplarCity":"קונאקרי"},"Dakar":{"exemplarCity":"דקאר"},"Dar_es_Salaam":{"exemplarCity":"דאר א-סלאם"},"Djibouti":{"exemplarCity":"ג׳יבוטי"},"Douala":{"exemplarCity":"דואלה"},"El_Aaiun":{"exemplarCity":"אל עיון"},"Freetown":{"exemplarCity":"פריטאון"},"Gaborone":{"exemplarCity":"גבורונה"},"Harare":{"exemplarCity":"הרארה"},"Johannesburg":{"exemplarCity":"יוהנסבורג"},"Juba":{"exemplarCity":"ג׳ובה"},"Kampala":{"exemplarCity":"קמפאלה"},"Khartoum":{"exemplarCity":"חרטום"},"Kigali":{"exemplarCity":"קיגלי"},"Kinshasa":{"exemplarCity":"קינשסה"},"Lagos":{"exemplarCity":"לגוס"},"Libreville":{"exemplarCity":"ליברוויל"},"Lome":{"exemplarCity":"לומה"},"Luanda":{"exemplarCity":"לואנדה"},"Lubumbashi":{"exemplarCity":"לובומבאשי"},"Lusaka":{"exemplarCity":"לוסקה"},"Malabo":{"exemplarCity":"מלבו"},"Maputo":{"exemplarCity":"מאפוטו"},"Maseru":{"exemplarCity":"מסרו"},"Mbabane":{"exemplarCity":"אמבאבאנה"},"Mogadishu":{"exemplarCity":"מוגדישו"},"Monrovia":{"exemplarCity":"מונרוביה"},"Nairobi":{"exemplarCity":"ניירובי"},"Ndjamena":{"exemplarCity":"נג׳מנה"},"Niamey":{"exemplarCity":"ניאמיי"},"Nouakchott":{"exemplarCity":"נואקצ׳וט"},"Ouagadougou":{"exemplarCity":"וואגאדוגו"},"Porto-Novo":{"exemplarCity":"פורטו נובו"},"Sao_Tome":{"exemplarCity":"סאו טומה"},"Tripoli":{"exemplarCity":"טריפולי"},"Tunis":{"exemplarCity":"תוניס"},"Windhoek":{"exemplarCity":"וינדהוק"}},"Asia":{"Aden":{"exemplarCity":"עדן"},"Almaty":{"exemplarCity":"אלמאטי"},"Amman":{"exemplarCity":"עמאן"},"Anadyr":{"exemplarCity":"אנדיר"},"Aqtau":{"exemplarCity":"אקטאו"},"Aqtobe":{"exemplarCity":"אקטובה"},"Ashgabat":{"exemplarCity":"אשגבט"},"Baghdad":{"exemplarCity":"בגדד"},"Bahrain":{"exemplarCity":"בחריין"},"Baku":{"exemplarCity":"באקו"},"Bangkok":{"exemplarCity":"בנגקוק"},"Beirut":{"exemplarCity":"ביירות"},"Bishkek":{"exemplarCity":"בישקק"},"Brunei":{"exemplarCity":"ברוניי"},"Calcutta":{"exemplarCity":"קולקטה"},"Chita":{"exemplarCity":"Chita"},"Choibalsan":{"exemplarCity":"צ׳ואיבלסאן"},"Colombo":{"exemplarCity":"קולומבו"},"Damascus":{"exemplarCity":"דמשק"},"Dhaka":{"exemplarCity":"דאקה"},"Dili":{"exemplarCity":"דילי"},"Dubai":{"exemplarCity":"דובאי"},"Dushanbe":{"exemplarCity":"דושנבה"},"Gaza":{"exemplarCity":"עזה"},"Hebron":{"exemplarCity":"חברון"},"Hong_Kong":{"exemplarCity":"הונג קונג"},"Hovd":{"exemplarCity":"חובד"},"Irkutsk":{"exemplarCity":"אירקוטסק"},"Jakarta":{"exemplarCity":"ג׳קרטה"},"Jayapura":{"exemplarCity":"ג׳איאפורה"},"Jerusalem":{"exemplarCity":"ירושלים"},"Kabul":{"exemplarCity":"קאבול"},"Kamchatka":{"exemplarCity":"קמצ׳טקה"},"Karachi":{"exemplarCity":"קרצ׳י"},"Katmandu":{"exemplarCity":"קטמנדו"},"Khandyga":{"exemplarCity":"חנדיגה"},"Krasnoyarsk":{"exemplarCity":"קרסנויארסק"},"Kuala_Lumpur":{"exemplarCity":"קואלה לומפור"},"Kuching":{"exemplarCity":"קוצ׳ינג"},"Kuwait":{"exemplarCity":"כווית"},"Macau":{"exemplarCity":"מקאו"},"Magadan":{"exemplarCity":"מגדן"},"Makassar":{"exemplarCity":"מאקאסאר"},"Manila":{"exemplarCity":"מנילה"},"Muscat":{"exemplarCity":"מוסקט"},"Nicosia":{"exemplarCity":"ניקוסיה"},"Novokuznetsk":{"exemplarCity":"נובוקוזנטסק"},"Novosibirsk":{"exemplarCity":"נובוסיבירסק"},"Omsk":{"exemplarCity":"אומסק"},"Oral":{"exemplarCity":"אורל"},"Phnom_Penh":{"exemplarCity":"פנום פן"},"Pontianak":{"exemplarCity":"פונטיאנק"},"Pyongyang":{"exemplarCity":"פיונגיאנג"},"Qatar":{"exemplarCity":"קטאר"},"Qyzylorda":{"exemplarCity":"קיזילורדה"},"Rangoon":{"exemplarCity":"רנגון"},"Riyadh":{"exemplarCity":"ריאד"},"Saigon":{"exemplarCity":"הו צ׳י מין סיטי"},"Sakhalin":{"exemplarCity":"סחלין"},"Samarkand":{"exemplarCity":"סמרקנד"},"Seoul":{"exemplarCity":"סיאול"},"Shanghai":{"exemplarCity":"אסיה/שנחאי"},"Singapore":{"exemplarCity":"סינגפור"},"Srednekolymsk":{"exemplarCity":"Srednekolymsk"},"Taipei":{"exemplarCity":"טאיפיי"},"Tashkent":{"exemplarCity":"טשקנט"},"Tbilisi":{"exemplarCity":"טביליסי"},"Tehran":{"exemplarCity":"טהרן"},"Thimphu":{"exemplarCity":"ת׳ימפו"},"Tokyo":{"exemplarCity":"טוקיו"},"Ulaanbaatar":{"exemplarCity":"אולאאנבטאר"},"Urumqi":{"exemplarCity":"אורומקי"},"Ust-Nera":{"exemplarCity":"אוסט-נרה"},"Vientiane":{"exemplarCity":"האנוי"},"Vladivostok":{"exemplarCity":"ולדיווסטוק"},"Yakutsk":{"exemplarCity":"יקוטסק"},"Yekaterinburg":{"exemplarCity":"יקטרינבורג"},"Yerevan":{"exemplarCity":"ירוואן"}},"Indian":{"Antananarivo":{"exemplarCity":"אנטננריבו"},"Chagos":{"exemplarCity":"צ׳אגוס"},"Christmas":{"exemplarCity":"אי חג המולד"},"Cocos":{"exemplarCity":"קוקוס"},"Comoro":{"exemplarCity":"קומורו"},"Kerguelen":{"exemplarCity":"קרגוולן"},"Mahe":{"exemplarCity":"מהא"},"Maldives":{"exemplarCity":"האיים המלדיביים"},"Mauritius":{"exemplarCity":"מאוריציוס"},"Mayotte":{"exemplarCity":"מאיוט"},"Reunion":{"exemplarCity":"ראוניון"}},"Australia":{"Adelaide":{"exemplarCity":"אדלייד"},"Brisbane":{"exemplarCity":"בריסביין"},"Broken_Hill":{"exemplarCity":"ברוקן היל"},"Currie":{"exemplarCity":"קרי"},"Darwin":{"exemplarCity":"דרווין"},"Eucla":{"exemplarCity":"יוקלה"},"Hobart":{"exemplarCity":"הוברט"},"Lindeman":{"exemplarCity":"לינדמן"},"Lord_Howe":{"exemplarCity":"לורד האו"},"Melbourne":{"exemplarCity":"מלבורן"},"Perth":{"exemplarCity":"פרת׳"},"Sydney":{"exemplarCity":"סידני"}},"Pacific":{"Apia":{"exemplarCity":"אפיה"},"Auckland":{"exemplarCity":"אוקלנד"},"Bougainville":{"exemplarCity":"Bougainville"},"Chatham":{"exemplarCity":"צ׳אטהאם"},"Easter":{"exemplarCity":"אי הפסחא"},"Efate":{"exemplarCity":"אפטה"},"Enderbury":{"exemplarCity":"אנדרבורי"},"Fakaofo":{"exemplarCity":"פקאופו"},"Fiji":{"exemplarCity":"פיג׳י"},"Funafuti":{"exemplarCity":"פונפוטי"},"Galapagos":{"exemplarCity":"גלפאגוס"},"Gambier":{"exemplarCity":"איי גמביר"},"Guadalcanal":{"exemplarCity":"גוודלקנאל"},"Guam":{"exemplarCity":"גואם"},"Honolulu":{"exemplarCity":"הונולולו"},"Johnston":{"exemplarCity":"ג׳ונסטון"},"Kiritimati":{"exemplarCity":"קיריטימאטי"},"Kosrae":{"exemplarCity":"קוסרה"},"Kwajalein":{"exemplarCity":"קוואג׳ליין"},"Majuro":{"exemplarCity":"מאג׳ורו"},"Marquesas":{"exemplarCity":"איי מרקיז"},"Midway":{"exemplarCity":"מידוויי"},"Nauru":{"exemplarCity":"נאורו"},"Niue":{"exemplarCity":"ניווה"},"Norfolk":{"exemplarCity":"נורפוק"},"Noumea":{"exemplarCity":"נומאה"},"Pago_Pago":{"exemplarCity":"פאגו פאגו"},"Palau":{"exemplarCity":"פלאו"},"Pitcairn":{"exemplarCity":"פיטקרן"},"Ponape":{"exemplarCity":"פונפה"},"Port_Moresby":{"exemplarCity":"פורט מורסבי"},"Rarotonga":{"exemplarCity":"רארוטונגה"},"Saipan":{"exemplarCity":"סייפן"},"Tahiti":{"exemplarCity":"טהיטי"},"Tarawa":{"exemplarCity":"טאראווה"},"Tongatapu":{"exemplarCity":"טונגטפו"},"Truk":{"exemplarCity":"טרוק"},"Wake":{"exemplarCity":"וואק"},"Wallis":{"exemplarCity":"ווליס"}},"Arctic":{"Longyearbyen":{"exemplarCity":"לונגיירביאן"}},"Antarctica":{"Casey":{"exemplarCity":"קאסיי"},"Davis":{"exemplarCity":"דייויס"},"DumontDUrville":{"exemplarCity":"דומון ד׳אורווי"},"Macquarie":{"exemplarCity":"מקרי"},"Mawson":{"exemplarCity":"מאוסון"},"McMurdo":{"exemplarCity":"מקמרדו"},"Palmer":{"exemplarCity":"פאלמר"},"Rothera":{"exemplarCity":"רות׳רה"},"Syowa":{"exemplarCity":"שויה"},"Troll":{"exemplarCity":"טרול"},"Vostok":{"exemplarCity":"ווסטוק"}},"Etc":{"GMT":{"exemplarCity":"GMT"},"GMT1":{"exemplarCity":"GMT+1"},"GMT10":{"exemplarCity":"GMT+10"},"GMT11":{"exemplarCity":"GMT+11"},"GMT12":{"exemplarCity":"GMT+12"},"GMT2":{"exemplarCity":"GMT+2"},"GMT3":{"exemplarCity":"GMT+3"},"GMT4":{"exemplarCity":"GMT+4"},"GMT5":{"exemplarCity":"GMT+5"},"GMT6":{"exemplarCity":"GMT+6"},"GMT7":{"exemplarCity":"GMT+7"},"GMT8":{"exemplarCity":"GMT+8"},"GMT9":{"exemplarCity":"GMT+9"},"GMT-1":{"exemplarCity":"GMT-1"},"GMT-10":{"exemplarCity":"GMT-10"},"GMT-11":{"exemplarCity":"GMT-11"},"GMT-12":{"exemplarCity":"GMT-12"},"GMT-13":{"exemplarCity":"GMT-13"},"GMT-14":{"exemplarCity":"GMT-14"},"GMT-2":{"exemplarCity":"GMT-2"},"GMT-3":{"exemplarCity":"GMT-3"},"GMT-4":{"exemplarCity":"GMT-4"},"GMT-5":{"exemplarCity":"GMT-5"},"GMT-6":{"exemplarCity":"GMT-6"},"GMT-7":{"exemplarCity":"GMT-7"},"GMT-8":{"exemplarCity":"GMT-8"},"GMT-9":{"exemplarCity":"GMT-9"},"Unknown":{"exemplarCity":"עיר לא ידועה"}}},"metazone":{"Afghanistan":{"long":{"standard":"שעון אפגניסטן"}},"Africa_Central":{"long":{"standard":"שעון מרכז אפריקה"}},"Africa_Eastern":{"long":{"standard":"שעון מזרח אפריקה"}},"Africa_Southern":{"long":{"standard":"שעון דרום אפריקה"}},"Africa_Western":{"long":{"generic":"שעון מערב אפריקה","standard":"שעון מערב אפריקה (חורף)","daylight":"שעון מערב אפריקה (קיץ)"}},"Alaska":{"long":{"generic":"שעון אלסקה","standard":"שעון אלסקה (חורף)","daylight":"שעון אלסקה (קיץ)"}},"Amazon":{"long":{"generic":"שעון אמזונס","standard":"שעון אמזונס (חורף)","daylight":"שעון אמזונס (קיץ)"}},"America_Central":{"long":{"generic":"שעון מרכז ארה״ב","standard":"שעון מרכז ארה״ב (חורף)","daylight":"שעון מרכז ארה״ב (קיץ)"}},"America_Eastern":{"long":{"generic":"שעון החוף המזרחי","standard":"שעון החוף המזרחי (חורף)","daylight":"שעון החוף המזרחי (קיץ)"}},"America_Mountain":{"long":{"generic":"שעון אזור ההרים בארה״ב","standard":"שעון אזור ההרים בארה״ב (חורף)","daylight":"שעון אזור ההרים בארה״ב (קיץ)"}},"America_Pacific":{"long":{"generic":"שעון מערב ארה״ב (לוס אנג׳לס)","standard":"שעון רגיל האוקיינוס השקט","daylight":"שעון קיץ, מערב ארה״ב (לוס אנג׳לס)"}},"Anadyr":{"long":{"generic":"שעון אנדיר","standard":"שעון רגיל אנדיר","daylight":"שעון קיץ אנדיר"}},"Apia":{"long":{"generic":"שעון אפיה","standard":"שעון אפיה (חורף)","daylight":"שעון אפיה (קיץ)"}},"Arabian":{"long":{"generic":"שעון חצי האי ערב","standard":"שעון חצי האי ערב (חורף)","daylight":"שעון חצי האי ערב (קיץ)"}},"Argentina":{"long":{"generic":"שעון ארגנטינה","standard":"שעון ארגנטינה (חורף)","daylight":"שעון ארגנטינה (קיץ)"}},"Argentina_Western":{"long":{"generic":"שעון מערב ארגנטינה","standard":"שעון מערב ארגנטינה (חורף)","daylight":"שעון מערב ארגנטינה (קיץ)"}},"Armenia":{"long":{"generic":"שעון ארמניה","standard":"שעון ארמניה (חורף)","daylight":"שעון ארמניה (קיץ)"}},"Atlantic":{"long":{"generic":"שעון האוקיינוס האטלנטי","standard":"שעון האוקיינוס האטלנטי (חורף)","daylight":"שעון האוקיינוס האטלנטי (קיץ)"}},"Australia_Central":{"long":{"generic":"שעון מרכז אוסטרליה","standard":"שעון מרכז אוסטרליה (חורף)","daylight":"שעון מרכז אוסטרליה (קיץ)"}},"Australia_CentralWestern":{"long":{"generic":"שעון מרכז-מערב אוסטרליה","standard":"שעון מרכז-מערב אוסטרליה (חורף)","daylight":"שעון מרכז-מערב אוסטרליה (קיץ)"}},"Australia_Eastern":{"long":{"generic":"שעון מזרח אוסטרליה","standard":"שעון מזרח אוסטרליה (חורף)","daylight":"שעון מזרח אוסטרליה (קיץ)"}},"Australia_Western":{"long":{"generic":"שעון מערב אוסטרליה","standard":"שעון מערב אוסטרליה (חורף)","daylight":"שעון מערב אוסטרליה (קיץ)"}},"Azerbaijan":{"long":{"generic":"שעון אזרבייג׳אן","standard":"שעון אזרבייג׳אן (חורף)","daylight":"שעון אזרבייג׳אן (קיץ)"}},"Azores":{"long":{"generic":"שעון האיים האזוריים","standard":"האיים האזוריים (חורף)","daylight":"שעון האיים האזוריים (קיץ)"}},"Bangladesh":{"long":{"generic":"שעון בנגלדש","standard":"שעון רגיל בנגלדש","daylight":"שעון קיץ בנגלדש"}},"Bhutan":{"long":{"standard":"שעון בהוטן"}},"Bolivia":{"long":{"standard":"שעון בוליביה"}},"Brasilia":{"long":{"generic":"שעון ברזיליה","standard":"שעון ברזיליה (חורף)","daylight":"שעון ברזיליה (קיץ)"}},"Brunei":{"long":{"standard":"שעון ברוניי דארוסלאם"}},"Cape_Verde":{"long":{"generic":"שעון כף ורדה","standard":"שעון כף ורדה (חורף)","daylight":"שעון כף ורדה (קיץ)"}},"Chamorro":{"long":{"standard":"שעון צ׳אמורו"}},"Chatham":{"long":{"generic":"שעון צ׳טהאם","standard":"שעון צ׳טהאם (חורף)","daylight":"שעון צ׳טהאם (קיץ)"}},"Chile":{"long":{"generic":"שעון צ׳ילה","standard":"שעון צ׳ילה (חורף)","daylight":"שעון צ׳ילה (קיץ)"}},"China":{"long":{"generic":"שעון סין","standard":"שעון סין (חורף)","daylight":"שעון סין (קיץ)"}},"Choibalsan":{"long":{"generic":"שעון צ׳ויבלסן","standard":"שעון צ׳ויבלסן (חורף)","daylight":"שעון צ׳ויבלסן (קיץ)"}},"Christmas":{"long":{"standard":"שעון אי חג המולד"}},"Cocos":{"long":{"standard":"שעון איי קוקוס"}},"Colombia":{"long":{"generic":"שעון קולומביה","standard":"שעון קולומביה (חורף)","daylight":"שעון קולומביה (קיץ)"}},"Cook":{"long":{"generic":"שעון איי קוק","standard":"שעון איי קוק (חורף)","daylight":"שעון איי קוק (מחצית הקיץ)"}},"Cuba":{"long":{"generic":"שעון קובה","standard":"שעון קובה (חורף)","daylight":"שעון קובה (קיץ)"}},"Davis":{"long":{"standard":"שעון דיוויס"}},"DumontDUrville":{"long":{"standard":"שעון דומון ד׳אורוויל"}},"East_Timor":{"long":{"standard":"שעון מזרח טימור"}},"Easter":{"long":{"generic":"שעון אי הפסחא","standard":"שעון אי הפסחא (חורף)","daylight":"שעון אי הפסחא (קיץ)"}},"Ecuador":{"long":{"standard":"שעון אקוודור"}},"Europe_Central":{"long":{"generic":"שעון מרכז אירופה","standard":"שעון מרכז אירופה (חורף)","daylight":"שעון מרכז אירופה (קיץ)"}},"Europe_Eastern":{"long":{"generic":"שעון מזרח אירופה","standard":"שעון מזרח אירופה (חורף)","daylight":"שעון מזרח אירופה (קיץ)"}},"Europe_Further_Eastern":{"long":{"standard":"שעון מינסק"}},"Europe_Western":{"long":{"generic":"שעון מערב אירופה","standard":"שעון מערב אירופה (חורף)","daylight":"שעון מערב אירופה (קיץ)"}},"Falkland":{"long":{"generic":"שעון איי פוקלנד","standard":"שעון איי פוקלנד (חורף)","daylight":"שעון איי פוקלנד (קיץ)"}},"Fiji":{"long":{"generic":"שעון פיג׳י","standard":"שעון פיג׳י (חורף)","daylight":"שעון פיג׳י (קיץ)"}},"French_Guiana":{"long":{"standard":"שעון גיאנה הצרפתית"}},"French_Southern":{"long":{"standard":"שעון דרום צרפת ואנטארקטיקה"}},"GMT":{"long":{"standard":"שעון גריניץ׳‏"}},"Galapagos":{"long":{"standard":"שעון איי גלאפגוס"}},"Gambier":{"long":{"standard":"שעון גאמבייר"}},"Georgia":{"long":{"generic":"שעון גאורגיה","standard":"שעון גאורגיה (חורף)","daylight":"שעון גאורגיה (קיץ)"}},"Gilbert_Islands":{"long":{"standard":"שעון איי גילברט"}},"Greenland_Eastern":{"long":{"generic":"שעון מזרח גרינלנד","standard":"שעון מזרח גרינלנד (חורף)","daylight":"שעון מזרח גרינלנד (קיץ)"}},"Greenland_Western":{"long":{"generic":"שעון מערב גרינלנד","standard":"שעון מערב גרינלנד (חורף)","daylight":"שעון מערב גרינלנד (קיץ)"}},"Gulf":{"long":{"standard":"שעון מדינות המפרץ"}},"Guyana":{"long":{"standard":"שעון גויאנה"}},"Hawaii_Aleutian":{"long":{"generic":"שעון האיים האלאוטיים הוואי","standard":"שעון רגיל האיים האלאוטיים הוואי","daylight":"שעון קיץ האיים האלאוטיים הוואי"}},"Hong_Kong":{"long":{"generic":"שעון הונג קונג","standard":"שעון הונג קונג (חורף)","daylight":"שעון הונג קונג (קיץ)"}},"Hovd":{"long":{"generic":"שעון חובד","standard":"שעון חובד (חורף)","daylight":"שעון חובד (קיץ)"}},"India":{"long":{"standard":"שעון הודו"}},"Indian_Ocean":{"long":{"standard":"שעון האוקיינוס ההודי"}},"Indochina":{"long":{"standard":"שעון הודו-סין"}},"Indonesia_Central":{"long":{"standard":"שעון מרכז אינדונזיה"}},"Indonesia_Eastern":{"long":{"standard":"שעון מזרח אינדונזיה"}},"Indonesia_Western":{"long":{"standard":"שעון מערב אינדונזיה"}},"Iran":{"long":{"generic":"שעון איראן","standard":"שעון איראן (חורף)","daylight":"שעון איראן (קיץ)"}},"Irkutsk":{"long":{"generic":"שעון אירקוטסק","standard":"שעון אירקוטסק (חורף)","daylight":"שעון אירקוסטק (קיץ)"}},"Israel":{"long":{"generic":"שעון ישראל","standard":"שעון ישראל (חורף)","daylight":"שעון ישראל (קיץ)"}},"Japan":{"long":{"generic":"שעון יפן","standard":"שעון יפן (חורף)","daylight":"שעון יפן (קיץ)"}},"Kamchatka":{"long":{"generic":"שעון פטרופבלובסק-קמצ׳טסקי","standard":"שעון רגיל פטרופבלובסק-קמצ׳טסקי","daylight":"שעון קיץ פטרופבלובסק-קמצ׳טסקי"}},"Kazakhstan_Eastern":{"long":{"standard":"שעון מזרח קזחסטן"}},"Kazakhstan_Western":{"long":{"standard":"שעון מערב קזחסטן"}},"Korea":{"long":{"generic":"שעון קוריאה","standard":"שעון קוריאה (חורף)","daylight":"שעון קוריאה (קיץ)"}},"Kosrae":{"long":{"standard":"שעון קוסראה"}},"Krasnoyarsk":{"long":{"generic":"שעון קרסנויארסק","standard":"שעון קרסנויארסק (חורף)","daylight":"שעון קרסנויארסק (קיץ)"}},"Kyrgystan":{"long":{"standard":"שעון קירגיזסטן"}},"Line_Islands":{"long":{"standard":"שעון איי ליין"}},"Lord_Howe":{"long":{"generic":"שעון אי הלורד האו","standard":"שעון אי הלורד האו (חורף)","daylight":"שעון אי הלורד האו (קיץ)"}},"Macau":{"long":{"generic":"שעון מקאו","standard":"שעון חורף מקאו","daylight":"שעון קיץ מקאו"}},"Macquarie":{"long":{"standard":"שעון מקווארי"}},"Magadan":{"long":{"generic":"שעון מגדן","standard":"שעון מגדן (חורף)","daylight":"שעון מגדן (קיץ)"}},"Malaysia":{"long":{"standard":"שעון מלזיה"}},"Maldives":{"long":{"standard":"שעון האיים המלדיביים"}},"Marquesas":{"long":{"standard":"שעון איי מרקיז"}},"Marshall_Islands":{"long":{"standard":"שעון איי מרשל"}},"Mauritius":{"long":{"generic":"שעון מאוריציוס","standard":"שעון מאוריציוס (חורף)","daylight":"שעון מאוריציוס (קיץ)"}},"Mawson":{"long":{"standard":"שעון מאוסון"}},"Mexico_Northwest":{"long":{"generic":"שעון צפון-מערב מקסיקו","standard":"שעון צפון-מערב מקסיקו (חורף)","daylight":"שעון צפון-מערב מקסיקו (קיץ)"}},"Mexico_Pacific":{"long":{"generic":"שעון מערב מקסיקו","standard":"שעון מערב מקסיקו (חורף)","daylight":"שעון מערב מקסיקו (קיץ)"}},"Mongolia":{"long":{"generic":"שעון אולן בטור","standard":"שעון אולן בטור (חורף)","daylight":"שעון אולן בטור (קיץ)"}},"Moscow":{"long":{"generic":"שעון מוסקבה","standard":"שעון מוסקבה (חורף)","daylight":"שעון מוסקבה (קיץ)"}},"Myanmar":{"long":{"standard":"שעון בורמה"}},"Nauru":{"long":{"standard":"שעון נאורו"}},"Nepal":{"long":{"standard":"שעון נפאל"}},"New_Caledonia":{"long":{"generic":"שעון קלדוניה החדשה","standard":"שעון קלדוניה החדשה (חורף)","daylight":"שעון קלדוניה החדשה (קיץ)"}},"New_Zealand":{"long":{"generic":"שעון ניו זילנד","standard":"שעון ניו זילנד (חורף)","daylight":"שעון ניו זילנד (קיץ)"}},"Newfoundland":{"long":{"generic":"שעון ניופאונדלנד","standard":"שעון ניופאונדלנד (חורף)","daylight":"שעון ניופאונדלנד (קיץ)"}},"Niue":{"long":{"standard":"שעון ניואה"}},"Norfolk":{"long":{"standard":"שעון איי נורפולק"}},"Noronha":{"long":{"generic":"שעון פרננדו די נורוניה","standard":"פרננדו די נורוניה (חורף)","daylight":"שעון פרננדו די נורוניה (קיץ)"}},"Novosibirsk":{"long":{"generic":"שעון נובוסיבירסק","standard":"שעון נובוסיבירסק (חורף)","daylight":"שעון נובוסיבירסק (קיץ)"}},"Omsk":{"long":{"generic":"שעון אומסק","standard":"שעון אומסק (חורף)","daylight":"שעון אומסק (קיץ)"}},"Pakistan":{"long":{"generic":"שעון פקיסטן","standard":"שעון פקיסטן (חורף)","daylight":"שעון פקיסטן (קיץ)"}},"Palau":{"long":{"standard":"שעון פלאו"}},"Papua_New_Guinea":{"long":{"standard":"שעון פפואה גיניאה החדשה"}},"Paraguay":{"long":{"generic":"שעון פרגוואי","standard":"שעון פרגוואי (חורף)","daylight":"שעון קיץ פרגוואי"}},"Peru":{"long":{"generic":"שעון פרו","standard":"שעון פרו (חורף)","daylight":"שעון פרו (קיץ)"}},"Philippines":{"long":{"generic":"שעון הפיליפינים","standard":"שעון הפיליפינים (חורף)","daylight":"שעון הפיליפינים (קיץ)"}},"Phoenix_Islands":{"long":{"standard":"שעון איי פיניקס"}},"Pierre_Miquelon":{"long":{"generic":"שעון סנט פייר ומיקלון","standard":"שעון סנט פייר ומיקלון (חורף)","daylight":"שעון סנט פייר ומיקלון (קיץ)"}},"Pitcairn":{"long":{"standard":"שעון פיטקרן"}},"Ponape":{"long":{"standard":"שעון פונאפי"}},"Reunion":{"long":{"standard":"שעון ראוניון"}},"Rothera":{"long":{"standard":"שעון רות׳רה"}},"Sakhalin":{"long":{"generic":"שעון סחלין","standard":"שעון סחלין (חורף)","daylight":"שעון סחלין (קיץ)"}},"Samara":{"long":{"generic":"שעון סמרה","standard":"שעון רגיל סמרה","daylight":"שעון קיץ סמרה"}},"Samoa":{"long":{"generic":"שעון סמואה","standard":"שעון סמואה (חורף)","daylight":"שעון סמואה (קיץ)"}},"Seychelles":{"long":{"standard":"שעון איי סיישל"}},"Singapore":{"long":{"standard":"שעון סינגפור"}},"Solomon":{"long":{"standard":"שעון איי שלמה"}},"South_Georgia":{"long":{"standard":"שעון דרום ג׳ורג׳יה"}},"Suriname":{"long":{"standard":"שעון סורינאם"}},"Syowa":{"long":{"standard":"שעון סייווה"}},"Tahiti":{"long":{"standard":"שעון טהיטי"}},"Taipei":{"long":{"generic":"שעון טאיפיי","standard":"שעון טאיפיי (חורף)","daylight":"שעון טאיפיי (קיץ)"}},"Tajikistan":{"long":{"standard":"שעון טג׳יקיסטן"}},"Tokelau":{"long":{"standard":"שעון טוקלאו"}},"Tonga":{"long":{"generic":"שעון טונגה","standard":"שעון טונגה (חורף)","daylight":"שעון טונגה (קיץ)"}},"Truk":{"long":{"standard":"שעון צ׳וק"}},"Turkmenistan":{"long":{"generic":"שעון טורקמניסטן","standard":"שעון טורקמניסטן (חורף)","daylight":"שעון טורקמניסטן (קיץ)"}},"Tuvalu":{"long":{"standard":"שעון טובאלו"}},"Uruguay":{"long":{"generic":"שעון אורוגוואי","standard":"שעון אורוגוואי (חורף)","daylight":"שעון אורוגוואי (קיץ)"}},"Uzbekistan":{"long":{"generic":"שעון אוזבקיסטן","standard":"שעון אוזבקיסטן (חורף)","daylight":"שעון אוזבקיסטן (קיץ)"}},"Vanuatu":{"long":{"generic":"שעון ונואטו","standard":"שעון ונואטו (חורף)","daylight":"שעון קיץ ונואטו"}},"Venezuela":{"long":{"standard":"שעון ונצואלה"}},"Vladivostok":{"long":{"generic":"שעון ולדיווסטוק","standard":"שעון ולדיווסטוק (חורף)","daylight":"שעון ולדיווסטוק (קיץ)"}},"Volgograd":{"long":{"generic":"שעון וולגוגרד","standard":"שעון וולגוגרד (חורף)","daylight":"שעון וולגוגרד (קיץ)"}},"Vostok":{"long":{"standard":"שעון ווסטוק"}},"Wake":{"long":{"standard":"שעון האי וייק"}},"Wallis":{"long":{"standard":"שעון וואליס ופוטונה"}},"Yakutsk":{"long":{"generic":"שעון יקוטסק","standard":"שעון יקוטסק (חורף)","daylight":"שעון יקוטסק (קיץ)"}},"Yekaterinburg":{"long":{"generic":"שעון יקטרינבורג","standard":"שעון יקטרינבורג (חורף)","daylight":"שעון יקטרינבורג (קיץ)"}}}}