{"hourFormat":"+HH:mm;-HH:mm","gmtFormat":"GMT%1$s","gmtZeroFormat":"GMT","regionFormat":"Časové pásmo %1$s","regionFormat-type-standard":"%1$s (+0)","regionFormat-type-daylight":"%1$s (+1)","fallbackFormat":"%2$s (%1$s)","zone":{"America":{"Adak":{"exemplarCity":"Adak"},"Anchorage":{"exemplarCity":"Anchorage"},"Anguilla":{"exemplarCity":"Anguilla"},"Antigua":{"exemplarCity":"Antigua"},"Araguaina":{"exemplarCity":"Araguaina"},"Argentina":{"La_Rioja":{"exemplarCity":"La Rioja"},"Rio_Gallegos":{"exemplarCity":"Rio Gallegos"},"Salta":{"exemplarCity":"Salta"},"San_Juan":{"exemplarCity":"San Juan"},"San_Luis":{"exemplarCity":"San Luis"},"Tucuman":{"exemplarCity":"Tucuman"},"Ushuaia":{"exemplarCity":"Ushuaia"}},"Aruba":{"exemplarCity":"Aruba"},"Asuncion":{"exemplarCity":"Asunción"},"Bahia":{"exemplarCity":"Bahia"},"Bahia_Banderas":{"exemplarCity":"Bahia Banderas"},"Barbados":{"exemplarCity":"Barbados"},"Belem":{"exemplarCity":"Belém"},"Belize":{"exemplarCity":"Belize"},"Blanc-Sablon":{"exemplarCity":"Blanc-Sablon"},"Boa_Vista":{"exemplarCity":"Boa Vista"},"Bogota":{"exemplarCity":"Bogota"},"Boise":{"exemplarCity":"Boise"},"Buenos_Aires":{"exemplarCity":"Buenos Aires"},"Cambridge_Bay":{"exemplarCity":"Cambridge Bay"},"Campo_Grande":{"exemplarCity":"Campo Grande"},"Cancun":{"exemplarCity":"Cancún"},"Caracas":{"exemplarCity":"Caracas"},"Catamarca":{"exemplarCity":"Catamarca"},"Cayenne":{"exemplarCity":"Cayenne"},"Cayman":{"exemplarCity":"Cayman"},"Chicago":{"exemplarCity":"Chicago"},"Chihuahua":{"exemplarCity":"Chihuahua"},"Coral_Harbour":{"exemplarCity":"Atikokan"},"Cordoba":{"exemplarCity":"Córdoba"},"Costa_Rica":{"exemplarCity":"Kostarika"},"Creston":{"exemplarCity":"Creston"},"Cuiaba":{"exemplarCity":"Cuiabá"},"Curacao":{"exemplarCity":"Curaçao"},"Danmarkshavn":{"exemplarCity":"Danmarkshavn"},"Dawson":{"exemplarCity":"Dawson"},"Dawson_Creek":{"exemplarCity":"Dawson Creek"},"Denver":{"exemplarCity":"Denver"},"Detroit":{"exemplarCity":"Detroit"},"Dominica":{"exemplarCity":"Dominika"},"Edmonton":{"exemplarCity":"Edmonton"},"Eirunepe":{"exemplarCity":"Eirunepé"},"El_Salvador":{"exemplarCity":"Salvádor"},"Fortaleza":{"exemplarCity":"Fortaleza"},"Glace_Bay":{"exemplarCity":"Glace Bay"},"Godthab":{"exemplarCity":"Nuuk"},"Goose_Bay":{"exemplarCity":"Goose Bay"},"Grand_Turk":{"exemplarCity":"Grand Turk"},"Grenada":{"exemplarCity":"Grenada"},"Guadeloupe":{"exemplarCity":"Guadeloupe"},"Guatemala":{"exemplarCity":"Guatemala"},"Guayaquil":{"exemplarCity":"Guayaquil"},"Guyana":{"exemplarCity":"Guyana"},"Halifax":{"exemplarCity":"Halifax"},"Havana":{"exemplarCity":"Havana"},"Hermosillo":{"exemplarCity":"Hermosillo"},"Indiana":{"Knox":{"exemplarCity":"Knox, Indiana"},"Marengo":{"exemplarCity":"Marengo, Indiana"},"Petersburg":{"exemplarCity":"Petersburg, Indiana"},"Tell_City":{"exemplarCity":"Tell City, Indiana"},"Vevay":{"exemplarCity":"Vevay, Indiana"},"Vincennes":{"exemplarCity":"Vincennes, Indiana"},"Winamac":{"exemplarCity":"Winamac, Indiana"}},"Indianapolis":{"exemplarCity":"Indianapolis"},"Inuvik":{"exemplarCity":"Inuvik"},"Iqaluit":{"exemplarCity":"Iqaluit"},"Jamaica":{"exemplarCity":"Jamajka"},"Jujuy":{"exemplarCity":"Jujuy"},"Juneau":{"exemplarCity":"Juneau"},"Kentucky":{"Monticello":{"exemplarCity":"Monticello, Kentucky"}},"Kralendijk":{"exemplarCity":"Kralendijk"},"La_Paz":{"exemplarCity":"La Paz"},"Lima":{"exemplarCity":"Lima"},"Los_Angeles":{"exemplarCity":"Los Angeles"},"Louisville":{"exemplarCity":"Louisville"},"Lower_Princes":{"exemplarCity":"Lower Prince’s Quarter"},"Maceio":{"exemplarCity":"Maceió"},"Managua":{"exemplarCity":"Managua"},"Manaus":{"exemplarCity":"Manaus"},"Marigot":{"exemplarCity":"Marigot"},"Martinique":{"exemplarCity":"Martinik"},"Matamoros":{"exemplarCity":"Matamoros"},"Mazatlan":{"exemplarCity":"Mazatlán"},"Mendoza":{"exemplarCity":"Mendoza"},"Menominee":{"exemplarCity":"Menominee"},"Merida":{"exemplarCity":"Mérida"},"Metlakatla":{"exemplarCity":"Metlakatla"},"Mexico_City":{"exemplarCity":"Mexiko (mesto)"},"Miquelon":{"exemplarCity":"Miquelon"},"Moncton":{"exemplarCity":"Moncton"},"Monterrey":{"exemplarCity":"Monterrey"},"Montevideo":{"exemplarCity":"Montevideo"},"Montserrat":{"exemplarCity":"Montserrat"},"Nassau":{"exemplarCity":"Nassau"},"New_York":{"exemplarCity":"New York"},"Nipigon":{"exemplarCity":"Nipigon"},"Nome":{"exemplarCity":"Nome"},"Noronha":{"exemplarCity":"Noronha"},"North_Dakota":{"Beulah":{"exemplarCity":"Beulah, Severná Dakota"},"Center":{"exemplarCity":"Center, Severná Dakota"},"New_Salem":{"exemplarCity":"New Salem, Severná Dakota"}},"Ojinaga":{"exemplarCity":"Ojinaga"},"Panama":{"exemplarCity":"Panama"},"Pangnirtung":{"exemplarCity":"Pangnirtung"},"Paramaribo":{"exemplarCity":"Paramaribo"},"Phoenix":{"exemplarCity":"Phoenix"},"Port-au-Prince":{"exemplarCity":"Port-au-Prince"},"Port_of_Spain":{"exemplarCity":"Port of Spain"},"Porto_Velho":{"exemplarCity":"Porto Velho"},"Puerto_Rico":{"exemplarCity":"Portoriko"},"Rainy_River":{"exemplarCity":"Rainy River"},"Rankin_Inlet":{"exemplarCity":"Rankin Inlet"},"Recife":{"exemplarCity":"Recife"},"Regina":{"exemplarCity":"Regina"},"Resolute":{"exemplarCity":"Resolute"},"Rio_Branco":{"exemplarCity":"Rio Branco"},"Santa_Isabel":{"exemplarCity":"Santa Isabel"},"Santarem":{"exemplarCity":"Santarém"},"Santiago":{"exemplarCity":"Santiago"},"Santo_Domingo":{"exemplarCity":"Santo Domingo"},"Sao_Paulo":{"exemplarCity":"São Paulo"},"Scoresbysund":{"exemplarCity":"Ittoqqortoormiit"},"Sitka":{"exemplarCity":"Sitka"},"St_Barthelemy":{"exemplarCity":"Svätý Bartolomej"},"St_Johns":{"exemplarCity":"St. John’s"},"St_Kitts":{"exemplarCity":"St. Kitts"},"St_Lucia":{"exemplarCity":"Svätá Lucia"},"St_Thomas":{"exemplarCity":"Sv. Tomáš"},"St_Vincent":{"exemplarCity":"Sv. Vincent"},"Swift_Current":{"exemplarCity":"Swift Current"},"Tegucigalpa":{"exemplarCity":"Tegucigalpa"},"Thule":{"exemplarCity":"Thule"},"Thunder_Bay":{"exemplarCity":"Thunder Bay"},"Tijuana":{"exemplarCity":"Tijuana"},"Toronto":{"exemplarCity":"Toronto"},"Tortola":{"exemplarCity":"Tortola"},"Vancouver":{"exemplarCity":"Vancouver"},"Whitehorse":{"exemplarCity":"Whitehorse"},"Winnipeg":{"exemplarCity":"Winnipeg"},"Yakutat":{"exemplarCity":"Yakutat"},"Yellowknife":{"exemplarCity":"Yellowknife"}},"Atlantic":{"Azores":{"exemplarCity":"Azorské ostrovy"},"Bermuda":{"exemplarCity":"Bermudy"},"Canary":{"exemplarCity":"Kanárske ostrovy"},"Cape_Verde":{"exemplarCity":"Kapverdy"},"Faeroe":{"exemplarCity":"Faerské ostrovy"},"Madeira":{"exemplarCity":"Madeira"},"Reykjavik":{"exemplarCity":"Reykjavík"},"South_Georgia":{"exemplarCity":"Južná Georgia"},"St_Helena":{"exemplarCity":"Sv. Helena"},"Stanley":{"exemplarCity":"Stanley"}},"Europe":{"Amsterdam":{"exemplarCity":"Amsterdam"},"Andorra":{"exemplarCity":"Andorra"},"Athens":{"exemplarCity":"Atény"},"Belgrade":{"exemplarCity":"Belehrad"},"Berlin":{"exemplarCity":"Berlín"},"Bratislava":{"exemplarCity":"Bratislava"},"Brussels":{"exemplarCity":"Brusel"},"Bucharest":{"exemplarCity":"Bukurešť"},"Budapest":{"exemplarCity":"Budapešť"},"Busingen":{"exemplarCity":"Büsingen"},"Chisinau":{"exemplarCity":"Kišiňov"},"Copenhagen":{"exemplarCity":"Kodaň"},"Dublin":{"long":{"daylight":"Írsky štandardný čas"},"exemplarCity":"Dublin"},"Gibraltar":{"exemplarCity":"Gibraltár"},"Guernsey":{"exemplarCity":"Guernsey"},"Helsinki":{"exemplarCity":"Helsinki"},"Isle_of_Man":{"exemplarCity":"Ostrov Man"},"Istanbul":{"exemplarCity":"Istanbul"},"Jersey":{"exemplarCity":"Jersey"},"Kaliningrad":{"exemplarCity":"Kaliningrad"},"Kiev":{"exemplarCity":"Kyjev"},"Lisbon":{"exemplarCity":"Lisabon"},"Ljubljana":{"exemplarCity":"Ľubľana"},"London":{"long":{"daylight":"Britský letný čas"},"exemplarCity":"Londýn"},"Luxembourg":{"exemplarCity":"Luxembursko"},"Madrid":{"exemplarCity":"Madrid"},"Malta":{"exemplarCity":"Malta"},"Mariehamn":{"exemplarCity":"Mariehamn"},"Minsk":{"exemplarCity":"Minsk"},"Monaco":{"exemplarCity":"Monako"},"Moscow":{"exemplarCity":"Moskva"},"Oslo":{"exemplarCity":"Oslo"},"Paris":{"exemplarCity":"Paríž"},"Podgorica":{"exemplarCity":"Podgorica"},"Prague":{"exemplarCity":"Praha"},"Riga":{"exemplarCity":"Riga"},"Rome":{"exemplarCity":"Rím"},"Samara":{"exemplarCity":"Samara"},"San_Marino":{"exemplarCity":"San Maríno"},"Sarajevo":{"exemplarCity":"Sarajevo"},"Simferopol":{"exemplarCity":"Simferopol"},"Skopje":{"exemplarCity":"Skopje"},"Sofia":{"exemplarCity":"Sofia"},"Stockholm":{"exemplarCity":"Štokholm"},"Tallinn":{"exemplarCity":"Tallinn"},"Tirane":{"exemplarCity":"Tirana"},"Uzhgorod":{"exemplarCity":"Užhorod"},"Vaduz":{"exemplarCity":"Vaduz"},"Vatican":{"exemplarCity":"Vatikán"},"Vienna":{"exemplarCity":"Viedeň"},"Vilnius":{"exemplarCity":"Vilnius"},"Volgograd":{"exemplarCity":"Volgograd"},"Warsaw":{"exemplarCity":"Varšava"},"Zagreb":{"exemplarCity":"Záhreb"},"Zaporozhye":{"exemplarCity":"Záporožie"},"Zurich":{"exemplarCity":"Zürich"}},"Africa":{"Abidjan":{"exemplarCity":"Abidjan"},"Accra":{"exemplarCity":"Accra"},"Addis_Ababa":{"exemplarCity":"Addis Abeba"},"Algiers":{"exemplarCity":"Alžír"},"Asmera":{"exemplarCity":"Asmara"},"Bamako":{"exemplarCity":"Bamako"},"Bangui":{"exemplarCity":"Bangui"},"Banjul":{"exemplarCity":"Banjul"},"Bissau":{"exemplarCity":"Bissau"},"Blantyre":{"exemplarCity":"Blantyre"},"Brazzaville":{"exemplarCity":"Brazzaville"},"Bujumbura":{"exemplarCity":"Bujumbura"},"Cairo":{"exemplarCity":"Káhira"},"Casablanca":{"exemplarCity":"Casablanca"},"Ceuta":{"exemplarCity":"Ceuta"},"Conakry":{"exemplarCity":"Conakry"},"Dakar":{"exemplarCity":"Dakar"},"Dar_es_Salaam":{"exemplarCity":"Dar es Salaam"},"Djibouti":{"exemplarCity":"Džibutsko"},"Douala":{"exemplarCity":"Douala"},"El_Aaiun":{"exemplarCity":"El-Aaiún"},"Freetown":{"exemplarCity":"Freetown"},"Gaborone":{"exemplarCity":"Gaborone"},"Harare":{"exemplarCity":"Harare"},"Johannesburg":{"exemplarCity":"Johannesburg"},"Juba":{"exemplarCity":"Juba"},"Kampala":{"exemplarCity":"Kampala"},"Khartoum":{"exemplarCity":"Chartúm"},"Kigali":{"exemplarCity":"Kigali"},"Kinshasa":{"exemplarCity":"Kinshasa"},"Lagos":{"exemplarCity":"Lagos"},"Libreville":{"exemplarCity":"Libreville"},"Lome":{"exemplarCity":"Lome"},"Luanda":{"exemplarCity":"Luanda"},"Lubumbashi":{"exemplarCity":"Lubumbashi"},"Lusaka":{"exemplarCity":"Lusaka"},"Malabo":{"exemplarCity":"Malabo"},"Maputo":{"exemplarCity":"Maputo"},"Maseru":{"exemplarCity":"Maseru"},"Mbabane":{"exemplarCity":"Mbabane"},"Mogadishu":{"exemplarCity":"Mogadišo"},"Monrovia":{"exemplarCity":"Monrovia"},"Nairobi":{"exemplarCity":"Nairobi"},"Ndjamena":{"exemplarCity":"Ndjamena"},"Niamey":{"exemplarCity":"Niamey"},"Nouakchott":{"exemplarCity":"Nouakchott"},"Ouagadougou":{"exemplarCity":"Ouagadougou"},"Porto-Novo":{"exemplarCity":"Porto-Novo"},"Sao_Tome":{"exemplarCity":"Svätý Tomáš"},"Tripoli":{"exemplarCity":"Tripolis"},"Tunis":{"exemplarCity":"Tunis"},"Windhoek":{"exemplarCity":"Windhoek"}},"Asia":{"Aden":{"exemplarCity":"Aden"},"Almaty":{"exemplarCity":"Alma-Ata"},"Amman":{"exemplarCity":"Ammán"},"Anadyr":{"exemplarCity":"Anadyr"},"Aqtau":{"exemplarCity":"Aktau"},"Aqtobe":{"exemplarCity":"Aktobe"},"Ashgabat":{"exemplarCity":"Ašchabad"},"Baghdad":{"exemplarCity":"Bagdad"},"Bahrain":{"exemplarCity":"Bahrajn"},"Baku":{"exemplarCity":"Baku"},"Bangkok":{"exemplarCity":"Bangkok"},"Beirut":{"exemplarCity":"Bejrút"},"Bishkek":{"exemplarCity":"Biškek"},"Brunei":{"exemplarCity":"Brunej"},"Calcutta":{"exemplarCity":"Kalkata"},"Chita":{"exemplarCity":"Chita"},"Choibalsan":{"exemplarCity":"Čojbalsan"},"Colombo":{"exemplarCity":"Kolombo"},"Damascus":{"exemplarCity":"Damask"},"Dhaka":{"exemplarCity":"Dháka"},"Dili":{"exemplarCity":"Dili"},"Dubai":{"exemplarCity":"Dubaj"},"Dushanbe":{"exemplarCity":"Dušanbe"},"Gaza":{"exemplarCity":"Gaza"},"Hebron":{"exemplarCity":"Hebron"},"Hong_Kong":{"exemplarCity":"Hongkong"},"Hovd":{"exemplarCity":"Hovd"},"Irkutsk":{"exemplarCity":"Irkutsk"},"Jakarta":{"exemplarCity":"Jakarta"},"Jayapura":{"exemplarCity":"Jayapura"},"Jerusalem":{"exemplarCity":"Jeruzalem"},"Kabul":{"exemplarCity":"Kábul"},"Kamchatka":{"exemplarCity":"Kamčatka"},"Karachi":{"exemplarCity":"Karáči"},"Katmandu":{"exemplarCity":"Káthmandu"},"Khandyga":{"exemplarCity":"Chandyga"},"Krasnoyarsk":{"exemplarCity":"Krasnojarsk"},"Kuala_Lumpur":{"exemplarCity":"Kuala Lumpur"},"Kuching":{"exemplarCity":"Kučing"},"Kuwait":{"exemplarCity":"Kuvajt"},"Macau":{"exemplarCity":"Macao"},"Magadan":{"exemplarCity":"Magadan"},"Makassar":{"exemplarCity":"Makassar"},"Manila":{"exemplarCity":"Manila"},"Muscat":{"exemplarCity":"Maskat"},"Nicosia":{"exemplarCity":"Nikózia"},"Novokuznetsk":{"exemplarCity":"Novokuzneck"},"Novosibirsk":{"exemplarCity":"Novosibirsk"},"Omsk":{"exemplarCity":"Omsk"},"Oral":{"exemplarCity":"Uraľsk"},"Phnom_Penh":{"exemplarCity":"Phnom Pénh"},"Pontianak":{"exemplarCity":"Pontianak"},"Pyongyang":{"exemplarCity":"Pchjongjang"},"Qatar":{"exemplarCity":"Katar"},"Qyzylorda":{"exemplarCity":"Kyzylorda"},"Rangoon":{"exemplarCity":"Rangún"},"Riyadh":{"exemplarCity":"Rijád"},"Saigon":{"exemplarCity":"Hočiminovo Mesto"},"Sakhalin":{"exemplarCity":"Sachalin"},"Samarkand":{"exemplarCity":"Samarkand"},"Seoul":{"exemplarCity":"Soul"},"Shanghai":{"exemplarCity":"Šanghaj"},"Singapore":{"exemplarCity":"Singapur"},"Srednekolymsk":{"exemplarCity":"Srednekolymsk"},"Taipei":{"exemplarCity":"Tchaj-pej"},"Tashkent":{"exemplarCity":"Taškent"},"Tbilisi":{"exemplarCity":"Tbilisi"},"Tehran":{"exemplarCity":"Teherán"},"Thimphu":{"exemplarCity":"Thimphu"},"Tokyo":{"exemplarCity":"Tokio"},"Ulaanbaatar":{"exemplarCity":"Ulanbátar"},"Urumqi":{"exemplarCity":"Urumči"},"Ust-Nera":{"exemplarCity":"Usť-Nera"},"Vientiane":{"exemplarCity":"Vientian"},"Vladivostok":{"exemplarCity":"Vladivostok"},"Yakutsk":{"exemplarCity":"Jakutsk"},"Yekaterinburg":{"exemplarCity":"Jekaterinburg"},"Yerevan":{"exemplarCity":"Jerevan"}},"Indian":{"Antananarivo":{"exemplarCity":"Antananarivo"},"Chagos":{"exemplarCity":"Chagos"},"Christmas":{"exemplarCity":"Vianočný ostrov"},"Cocos":{"exemplarCity":"Kokosové ostrovy"},"Comoro":{"exemplarCity":"Comoro"},"Kerguelen":{"exemplarCity":"Kergueleny"},"Mahe":{"exemplarCity":"Mahé"},"Maldives":{"exemplarCity":"Maldivy"},"Mauritius":{"exemplarCity":"Maurícius"},"Mayotte":{"exemplarCity":"Mayotte"},"Reunion":{"exemplarCity":"Réunion"}},"Australia":{"Adelaide":{"exemplarCity":"Adelaide"},"Brisbane":{"exemplarCity":"Brisbane"},"Broken_Hill":{"exemplarCity":"Broken Hill"},"Currie":{"exemplarCity":"Currie"},"Darwin":{"exemplarCity":"Darwin"},"Eucla":{"exemplarCity":"Eucla"},"Hobart":{"exemplarCity":"Hobart"},"Lindeman":{"exemplarCity":"Lindeman"},"Lord_Howe":{"exemplarCity":"Lord Howe"},"Melbourne":{"exemplarCity":"Melbourne"},"Perth":{"exemplarCity":"Perth"},"Sydney":{"exemplarCity":"Sydney"}},"Pacific":{"Apia":{"exemplarCity":"Apia"},"Auckland":{"exemplarCity":"Auckland"},"Bougainville":{"exemplarCity":"Bougainville"},"Chatham":{"exemplarCity":"Chatham"},"Easter":{"exemplarCity":"Veľkonočný ostrov"},"Efate":{"exemplarCity":"Efate"},"Enderbury":{"exemplarCity":"Enderbury"},"Fakaofo":{"exemplarCity":"Fakaofo"},"Fiji":{"exemplarCity":"Fidži"},"Funafuti":{"exemplarCity":"Funafuti"},"Galapagos":{"exemplarCity":"Galapágy"},"Gambier":{"exemplarCity":"Gambier"},"Guadalcanal":{"exemplarCity":"Guadalcanal"},"Guam":{"exemplarCity":"Guam"},"Honolulu":{"exemplarCity":"Honolulu"},"Johnston":{"exemplarCity":"Johnston"},"Kiritimati":{"exemplarCity":"Kiritimati"},"Kosrae":{"exemplarCity":"Kosrae"},"Kwajalein":{"exemplarCity":"Kwajalein"},"Majuro":{"exemplarCity":"Majuro"},"Marquesas":{"exemplarCity":"Markézy"},"Midway":{"exemplarCity":"Midway"},"Nauru":{"exemplarCity":"Nauru"},"Niue":{"exemplarCity":"Niue"},"Norfolk":{"exemplarCity":"Norfolk"},"Noumea":{"exemplarCity":"Nouméa"},"Pago_Pago":{"exemplarCity":"Pago Pago"},"Palau":{"exemplarCity":"Palau"},"Pitcairn":{"exemplarCity":"Pitcairn"},"Ponape":{"exemplarCity":"Pohnpei"},"Port_Moresby":{"exemplarCity":"Port Moresby"},"Rarotonga":{"exemplarCity":"Rarotonga"},"Saipan":{"exemplarCity":"Saipan"},"Tahiti":{"exemplarCity":"Tahiti"},"Tarawa":{"exemplarCity":"Tarawa"},"Tongatapu":{"exemplarCity":"Tongatapu"},"Truk":{"exemplarCity":"Chuuk"},"Wake":{"exemplarCity":"Wake"},"Wallis":{"exemplarCity":"Wallis"}},"Arctic":{"Longyearbyen":{"exemplarCity":"Longyearbyen"}},"Antarctica":{"Casey":{"exemplarCity":"Casey"},"Davis":{"exemplarCity":"Davis"},"DumontDUrville":{"exemplarCity":"Dumont D’Urville"},"Macquarie":{"exemplarCity":"Macquarie"},"Mawson":{"exemplarCity":"Mawson"},"McMurdo":{"exemplarCity":"McMurdo"},"Palmer":{"exemplarCity":"Palmer"},"Rothera":{"exemplarCity":"Rothera"},"Syowa":{"exemplarCity":"Syowa"},"Troll":{"exemplarCity":"Troll"},"Vostok":{"exemplarCity":"Vostok"}},"Etc":{"GMT":{"exemplarCity":"GMT"},"GMT1":{"exemplarCity":"GMT+1"},"GMT10":{"exemplarCity":"GMT+10"},"GMT11":{"exemplarCity":"GMT+11"},"GMT12":{"exemplarCity":"GMT+12"},"GMT2":{"exemplarCity":"GMT+2"},"GMT3":{"exemplarCity":"GMT+3"},"GMT4":{"exemplarCity":"GMT+4"},"GMT5":{"exemplarCity":"GMT+5"},"GMT6":{"exemplarCity":"GMT+6"},"GMT7":{"exemplarCity":"GMT+7"},"GMT8":{"exemplarCity":"GMT+8"},"GMT9":{"exemplarCity":"GMT+9"},"GMT-1":{"exemplarCity":"GMT-1"},"GMT-10":{"exemplarCity":"GMT-10"},"GMT-11":{"exemplarCity":"GMT-11"},"GMT-12":{"exemplarCity":"GMT-12"},"GMT-13":{"exemplarCity":"GMT-13"},"GMT-14":{"exemplarCity":"GMT-14"},"GMT-2":{"exemplarCity":"GMT-2"},"GMT-3":{"exemplarCity":"GMT-3"},"GMT-4":{"exemplarCity":"GMT-4"},"GMT-5":{"exemplarCity":"GMT-5"},"GMT-6":{"exemplarCity":"GMT-6"},"GMT-7":{"exemplarCity":"GMT-7"},"GMT-8":{"exemplarCity":"GMT-8"},"GMT-9":{"exemplarCity":"GMT-9"},"Unknown":{"exemplarCity":"Neznáme mesto"}}},"metazone":{"Afghanistan":{"long":{"standard":"Afganský čas"}},"Africa_Central":{"long":{"standard":"Stredoafrický čas"}},"Africa_Eastern":{"long":{"standard":"Východoafrický čas"}},"Africa_Southern":{"long":{"standard":"Juhoafrický čas"}},"Africa_Western":{"long":{"generic":"Západoafrický čas","standard":"Západoafrický štandardný čas","daylight":"Západoafrický letný čas"}},"Alaska":{"long":{"generic":"Aljašský čas","standard":"Aljašský štandardný čas","daylight":"Aljašský letný čas"}},"Amazon":{"long":{"generic":"Amazonský čas","standard":"Amazonský štandardný čas","daylight":"Amazonský letný čas"}},"America_Central":{"long":{"generic":"Centrálny čas","standard":"Centrálny štandardný čas","daylight":"Centrálny letný čas"}},"America_Eastern":{"long":{"generic":"Východný čas","standard":"Východný štandardný čas","daylight":"Východný letný čas"}},"America_Mountain":{"long":{"generic":"Horský čas","standard":"Horský štandardný čas","daylight":"Horský letný čas"}},"America_Pacific":{"long":{"generic":"Tichomorský čas","standard":"Tichomorský štandardný čas","daylight":"Tichomorský letný čas"}},"Anadyr":{"long":{"generic":"Anadyrský čas","standard":"Anadyrský štandardný čas","daylight":"Anadyrský letný čas"}},"Apia":{"long":{"generic":"Apijský čas","standard":"Apijský štandardný čas","daylight":"Apijský letný čas"}},"Arabian":{"long":{"generic":"Arabský čas","standard":"Arabský štandardný čas","daylight":"Arabský letný čas"}},"Argentina":{"long":{"generic":"Argentínsky čas","standard":"Argentínsky štandardný čas","daylight":"Argentínsky letný čas"}},"Argentina_Western":{"long":{"generic":"Západoargentínsky čas","standard":"Západoargentínsky štandardný čas","daylight":"Západoargentínsky letný čas"}},"Armenia":{"long":{"generic":"Arménsky čas","standard":"Arménsky štandardný čas","daylight":"Arménsky letný čas"}},"Atlantic":{"long":{"generic":"Atlantický čas","standard":"Atlantický štandardný čas","daylight":"Atlantický letný čas"}},"Australia_Central":{"long":{"generic":"Stredoaustrálsky čas","standard":"Stredoaustrálsky štandardný čas","daylight":"Stredoaustrálsky letný čas"}},"Australia_CentralWestern":{"long":{"generic":"Stredozápadný austrálsky čas","standard":"Stredozápadný austrálsky štandardný čas","daylight":"Stredozápadný austrálsky letný čas"}},"Australia_Eastern":{"long":{"generic":"Východoaustrálsky čas","standard":"Východoaustrálsky štandardný čas","daylight":"Východoaustrálsky letný čas"}},"Australia_Western":{"long":{"generic":"Západoaustrálsky čas","standard":"Západoaustrálsky štandardný čas","daylight":"Západoaustrálsky letný čas"}},"Azerbaijan":{"long":{"generic":"Azerbajdžanský čas","standard":"Azerbajdžanský štandardný čas","daylight":"Azerbajdžanský letný čas"}},"Azores":{"long":{"generic":"Azorský čas","standard":"Azorský štandardný čas","daylight":"Azorský letný čas"}},"Bangladesh":{"long":{"generic":"Bangladéšsky čas","standard":"Bangladéšsky štandardný čas","daylight":"Bangladéšsky letný čas"}},"Bhutan":{"long":{"standard":"Bhutánsky čas"}},"Bolivia":{"long":{"standard":"Bolívijský čas"}},"Brasilia":{"long":{"generic":"Brazílsky čas","standard":"Brazílsky štandardný čas","daylight":"Brazílsky letný čas"}},"Brunei":{"long":{"standard":"Brunejský čas"}},"Cape_Verde":{"long":{"generic":"Kapverdský čas","standard":"Kapverdský štandardný čas","daylight":"Kapverdský letný čas"}},"Chamorro":{"long":{"standard":"Chamorrský štandardný čas"}},"Chatham":{"long":{"generic":"Chathamský čas","standard":"Chathamský štandardný čas","daylight":"Chathamský letný čas"}},"Chile":{"long":{"generic":"Čilský čas","standard":"Čilský štandardný čas","daylight":"Čilský letný čas"}},"China":{"long":{"generic":"Čínsky čas","standard":"Čínsky štandardný čas","daylight":"Čínsky letný čas"}},"Choibalsan":{"long":{"generic":"Choibalsanský čas","standard":"Čojbalsanský štandardný čas","daylight":"Choibalsanský letný čas"}},"Christmas":{"long":{"standard":"Čas Vianočného ostrova"}},"Cocos":{"long":{"standard":"Čas Kokosových ostrovov"}},"Colombia":{"long":{"generic":"Kolumbijský čas","standard":"Kolumbijský štandardný čas","daylight":"Kolumbijský letný čas"}},"Cook":{"long":{"generic":"Čas Cookových ostrovov","standard":"Štandardný čas Cookových ostrovov","daylight":"Letný čas Cookových ostrovov"}},"Cuba":{"long":{"generic":"Kubánsky čas","standard":"Kubánsky štandardný čas","daylight":"Kubánsky letný čas"}},"Davis":{"long":{"standard":"Čas Davisovej stanice"}},"DumontDUrville":{"long":{"standard":"Čas stanice Dumonta d’Urvillea"}},"East_Timor":{"long":{"standard":"Východotimorský čas"}},"Easter":{"long":{"generic":"Čas Veľkonočného ostrova","standard":"Štandardný čas Veľkonočného ostrova","daylight":"Letný čas Veľkonočného ostrova"}},"Ecuador":{"long":{"standard":"Ekvádorský čas"}},"Europe_Central":{"long":{"generic":"Stredoeurópsky čas","standard":"Stredoeurópsky štandardný čas","daylight":"Stredoeurópsky letný čas"},"short":{"generic":"SEČ","standard":"SEČ","daylight":"SELČ"}},"Europe_Eastern":{"long":{"generic":"Východoeurópsky čas","standard":"Východoeurópsky štandardný čas","daylight":"Východoeurópsky letný čas"}},"Europe_Further_Eastern":{"long":{"standard":"Ďalší východoeurópsky čas"}},"Europe_Western":{"long":{"generic":"Západoeurópsky čas","standard":"Západoeurópsky štandardný čas","daylight":"Západoeurópsky letný čas"}},"Falkland":{"long":{"generic":"Čas Falklandských ostrovov","standard":"Štandardný čas Falklandských ostrovov","daylight":"Letný čas Falklandských ostrovov"}},"Fiji":{"long":{"generic":"Fidžijský čas","standard":"Fidžijský štandardný čas","daylight":"Fidžijský letný čas"}},"French_Guiana":{"long":{"standard":"Čas Francúzskej Guyany"}},"French_Southern":{"long":{"standard":"Francúzsky južný a antarktický čas"}},"GMT":{"long":{"standard":"Greenwichský čas"}},"Galapagos":{"long":{"standard":"Galapágsky čas"}},"Gambier":{"long":{"standard":"Gambierský čas"}},"Georgia":{"long":{"generic":"Gruzínsky čas","standard":"Gruzínsky štandardný čas","daylight":"Gruzínsky letný čas"}},"Gilbert_Islands":{"long":{"standard":"Čas Gilbertových ostrovov"}},"Greenland_Eastern":{"long":{"generic":"Východogrónsky čas","standard":"Východogrónsky štandardný čas","daylight":"Východogrónsky letný čas"}},"Greenland_Western":{"long":{"generic":"Západogrónsky čas","standard":"Západogrónsky štandardný čas","daylight":"Západogrónsky letný čas"}},"Gulf":{"long":{"standard":"Štandardný čas Perzského zálivu"}},"Guyana":{"long":{"standard":"Guyanský čas"}},"Hawaii_Aleutian":{"long":{"generic":"Havajsko-aleutský čas","standard":"Havajsko-aleutský štandardný čas","daylight":"Havajsko-aleutský letný čas"}},"Hong_Kong":{"long":{"generic":"Hongkongský čas","standard":"Hongkongský štandardný čas","daylight":"Hongkongský letný čas"}},"Hovd":{"long":{"generic":"Chovdský čas","standard":"Chovdský štandardný čas","daylight":"Chovdský letný čas"}},"India":{"long":{"standard":"Indický čas"}},"Indian_Ocean":{"long":{"standard":"Čas Indického oceánu"}},"Indochina":{"long":{"standard":"Indočínsky čas"}},"Indonesia_Central":{"long":{"standard":"Stredoindonézsky čas"}},"Indonesia_Eastern":{"long":{"standard":"Východoindonézsky čas"}},"Indonesia_Western":{"long":{"standard":"Západoindonézsky čas"}},"Iran":{"long":{"generic":"Iránsky čas","standard":"Iránsky štandardný čas","daylight":"Iránsky letný čas"}},"Irkutsk":{"long":{"generic":"Irkutský čas","standard":"Irkutský štandardný čas","daylight":"Irkutský letný čas"}},"Israel":{"long":{"generic":"Izraelský čas","standard":"Izraelský štandardný čas","daylight":"Izraelský letný čas"}},"Japan":{"long":{"generic":"Japonský čas","standard":"Japonský štandardný čas","daylight":"Japonský letný čas"}},"Kamchatka":{"long":{"generic":"Petropavlovsk-Kamčatský čas","standard":"Petropavlovsk-Kamčatský štandardný čas","daylight":"Petropavlovsk-Kamčatskijský letný čas"}},"Kazakhstan_Eastern":{"long":{"standard":"Východokazašský čas"}},"Kazakhstan_Western":{"long":{"standard":"Západokazašský čas"}},"Korea":{"long":{"generic":"Kórejský čas","standard":"Kórejský štandardný čas","daylight":"Kórejský letný čas"}},"Kosrae":{"long":{"standard":"Kosraeský čas"}},"Krasnoyarsk":{"long":{"generic":"Krasnojarský čas","standard":"Krasnojarský štandardný čas","daylight":"Krasnojarský letný čas"}},"Kyrgystan":{"long":{"standard":"Kirgizský čas"}},"Line_Islands":{"long":{"standard":"Čas Rovníkových ostrovov"}},"Lord_Howe":{"long":{"generic":"Čas ostrova lorda Howa","standard":"Štandardný čas ostrova lorda Howa","daylight":"Letný čas ostrova lorda Howa"}},"Macquarie":{"long":{"standard":"Čas ostrova Macquarie"}},"Magadan":{"long":{"generic":"Magadanský čas","standard":"Magadanský štandardný čas","daylight":"Magadanský letný čas"}},"Malaysia":{"long":{"standard":"Malajzijský čas"}},"Maldives":{"long":{"standard":"Maldivský čas"}},"Marquesas":{"long":{"standard":"Markézsky čas"}},"Marshall_Islands":{"long":{"standard":"Čas Marshallových ostrovov"}},"Mauritius":{"long":{"generic":"Maurícijský čas","standard":"Maurícijský štandardný čas","daylight":"Maurícijský letný čas"}},"Mawson":{"long":{"standard":"Čas Mawsonovej stanice"}},"Mexico_Northwest":{"long":{"generic":"Severozápadný mexický čas","standard":"Severozápadný mexický štandardný čas","daylight":"Severozápadný mexický letný čas"}},"Mexico_Pacific":{"long":{"generic":"Mexický tichomorský čas","standard":"Mexický tichomorský štandardný čas","daylight":"Mexický tichomorský letný čas"}},"Mongolia":{"long":{"generic":"Ulanbátarský čas","standard":"Ulanbátarský štandardný čas","daylight":"Ulanbátarský letný čas"}},"Moscow":{"long":{"generic":"Moskovský čas","standard":"Moskovský štandardný čas","daylight":"Moskovský letný čas"}},"Myanmar":{"long":{"standard":"Mjanmarský čas"}},"Nauru":{"long":{"standard":"Čas ostrova Nauru"}},"Nepal":{"long":{"standard":"Nepálsky čas"}},"New_Caledonia":{"long":{"generic":"Novokaledónsky čas","standard":"Novokaledónsky štandardný čas","daylight":"Novokaledónsky letný čas"}},"New_Zealand":{"long":{"generic":"Novozélandský čas","standard":"Novozélandský štandardný čas","daylight":"Novozélandský letný čas"}},"Newfoundland":{"long":{"generic":"Newfoundlandský čas","standard":"Newfoundlandský štandardný čas","daylight":"Newfoundlandský letný čas"}},"Niue":{"long":{"standard":"Čas ostrova Niue"}},"Norfolk":{"long":{"standard":"Čas Norfolkských ostrovov"}},"Noronha":{"long":{"generic":"Čas ostrova Fernando de Noronha","standard":"Štandardný čas ostrova Fernando de Noronha","daylight":"Letný čas ostrovov Fernanda de Noronha"}},"Novosibirsk":{"long":{"generic":"Novosibírsky čas","standard":"Novosibirský štandardný čas","daylight":"Novosibírsky letný čas"}},"Omsk":{"long":{"generic":"Omský čas","standard":"Omský štandardný čas","daylight":"Omský letný čas"}},"Pakistan":{"long":{"generic":"Pakistanský čas","standard":"Pakistanský štandardný čas","daylight":"Pakistanský letný čas"}},"Palau":{"long":{"standard":"Palauský čas"}},"Papua_New_Guinea":{"long":{"standard":"Čas Papuy-Novej Guiney"}},"Paraguay":{"long":{"generic":"Paraguajský čas","standard":"Paraguajský štandardný čas","daylight":"Paraguajský letný čas"}},"Peru":{"long":{"generic":"Peruánsky čas","standard":"Peruánsky štandardný čas","daylight":"Peruánsky letný čas"}},"Philippines":{"long":{"generic":"Filipínsky čas","standard":"Filipínsky štandardný čas","daylight":"Filipínsky letný čas"}},"Phoenix_Islands":{"long":{"standard":"Čas Fénixových ostrovov"}},"Pierre_Miquelon":{"long":{"generic":"Čas ostrovov Saint-Pierre a Miquelon","standard":"Štandardný čas ostrovov Saint-Pierre a Miquelon","daylight":"Letný čas ostrovov Saint-Pierre a Miquelon"}},"Pitcairn":{"long":{"standard":"Čas Pitcairnovho ostrova"}},"Ponape":{"long":{"standard":"Ponapský čas"}},"Reunion":{"long":{"standard":"Réunionský čas"}},"Rothera":{"long":{"standard":"Čas Rotherovej stanice"}},"Sakhalin":{"long":{"generic":"Sachalinský čas","standard":"Sachalinský štandardný čas","daylight":"Sachalinský letný čas"}},"Samara":{"long":{"generic":"Samarský čas","standard":"Samarský štandardný čas","daylight":"Samarský letný čas"}},"Samoa":{"long":{"generic":"Samojský čas","standard":"Samojský štandardný čas","daylight":"Samojský letný čas"}},"Seychelles":{"long":{"standard":"Seychelský čas"}},"Singapore":{"long":{"standard":"Singapurský štandardný čas"}},"Solomon":{"long":{"standard":"Čas Šalamúnových ostrovov"}},"South_Georgia":{"long":{"standard":"Čas Južnej Georgie"}},"Suriname":{"long":{"standard":"Surinamský čas"}},"Syowa":{"long":{"standard":"Čas stanice Šówa"}},"Tahiti":{"long":{"standard":"Tahitský čas"}},"Taipei":{"long":{"generic":"Tchajpejský čas","standard":"Tchajpejský štandardný čas","daylight":"Tchajpejský letný čas"}},"Tajikistan":{"long":{"standard":"Tadžický čas"}},"Tokelau":{"long":{"standard":"Tokelauský čas"}},"Tonga":{"long":{"generic":"Tonžský čas","standard":"Tonžský štandardný čas","daylight":"Tonžský letný čas"}},"Truk":{"long":{"standard":"Chuukský čas"}},"Turkmenistan":{"long":{"generic":"Turkménsky čas","standard":"Turkménsky štandardný čas","daylight":"Turkménsky letný čas"}},"Tuvalu":{"long":{"standard":"Tuvalský čas"}},"Uruguay":{"long":{"generic":"Uruguajský čas","standard":"Uruguajský štandardný čas","daylight":"Uruguajský letný čas"}},"Uzbekistan":{"long":{"generic":"Uzbecký čas","standard":"Uzbecký štandardný čas","daylight":"Uzbecký letný čas"}},"Vanuatu":{"long":{"generic":"Vanuatský čas","standard":"Vanuatský štandardný čas","daylight":"Vanuatský letný čas"}},"Venezuela":{"long":{"standard":"Venezuelský čas"}},"Vladivostok":{"long":{"generic":"Vladivostocký čas","standard":"Vladivostocký štandardný čas","daylight":"Vladivostocký letný čas"}},"Volgograd":{"long":{"generic":"Volgogradský čas","standard":"Volgogradský štandardný čas","daylight":"Volgogradský letný čas"}},"Vostok":{"long":{"standard":"Čas stanice Vostok"}},"Wake":{"long":{"standard":"Čas ostrova Wake"}},"Wallis":{"long":{"standard":"Čas ostrovov Wallis a Futuna"}},"Yakutsk":{"long":{"generic":"Jakutský čas","standard":"Jakutský štandardný čas","daylight":"Jakutský letný čas"}},"Yekaterinburg":{"long":{"generic":"Jekaterinburgský čas","standard":"Jekaterinburgský štandardný čas","daylight":"Jekaterinburský letný čas"}}}}