{"hourFormat":"+HH:mm;-HH:mm","gmtFormat":"GMT%1$s","gmtZeroFormat":"GMT","regionFormat":"%1$s 시간","regionFormat-type-standard":"%1$s 표준시","regionFormat-type-daylight":"%1$s 하계 표준시","fallbackFormat":"%2$s(%1$s)","zone":{"America":{"Adak":{"exemplarCity":"에이닥"},"Anchorage":{"exemplarCity":"앵커리지"},"Anguilla":{"exemplarCity":"앙귈라"},"Antigua":{"exemplarCity":"안티과"},"Araguaina":{"exemplarCity":"아라과이나"},"Argentina":{"La_Rioja":{"exemplarCity":"라 리오하"},"Rio_Gallegos":{"exemplarCity":"리오 가예고스"},"Salta":{"exemplarCity":"살타"},"San_Juan":{"exemplarCity":"산후안"},"San_Luis":{"exemplarCity":"산루이스"},"Tucuman":{"exemplarCity":"뚜꾸만"},"Ushuaia":{"exemplarCity":"우수아이아"}},"Aruba":{"exemplarCity":"아루바"},"Asuncion":{"exemplarCity":"아순시온"},"Bahia":{"exemplarCity":"바히아"},"Bahia_Banderas":{"exemplarCity":"바이아 반데라스"},"Barbados":{"exemplarCity":"바베이도스"},"Belem":{"exemplarCity":"벨렘"},"Belize":{"exemplarCity":"벨리즈"},"Blanc-Sablon":{"exemplarCity":"블랑 사블롱"},"Boa_Vista":{"exemplarCity":"보아 비스타"},"Bogota":{"exemplarCity":"보고타"},"Boise":{"exemplarCity":"보이시"},"Buenos_Aires":{"exemplarCity":"부에노스 아이레스"},"Cambridge_Bay":{"exemplarCity":"케임브리지 베이"},"Campo_Grande":{"exemplarCity":"캄포 그란데"},"Cancun":{"exemplarCity":"칸쿤"},"Caracas":{"exemplarCity":"카라카스"},"Catamarca":{"exemplarCity":"카타마르카"},"Cayenne":{"exemplarCity":"카옌"},"Cayman":{"exemplarCity":"케이맨"},"Chicago":{"exemplarCity":"시카고"},"Chihuahua":{"exemplarCity":"치와와"},"Coral_Harbour":{"exemplarCity":"코랄하버"},"Cordoba":{"exemplarCity":"코르도바"},"Costa_Rica":{"exemplarCity":"코스타리카"},"Creston":{"exemplarCity":"크레스톤"},"Cuiaba":{"exemplarCity":"쿠이아바"},"Curacao":{"exemplarCity":"퀴라소"},"Danmarkshavn":{"exemplarCity":"덴마크샤븐"},"Dawson":{"exemplarCity":"도슨"},"Dawson_Creek":{"exemplarCity":"도슨크릭"},"Denver":{"exemplarCity":"덴버"},"Detroit":{"exemplarCity":"디트로이트"},"Dominica":{"exemplarCity":"도미니카"},"Edmonton":{"exemplarCity":"에드먼턴"},"Eirunepe":{"exemplarCity":"아이루네페"},"El_Salvador":{"exemplarCity":"엘살바도르"},"Fortaleza":{"exemplarCity":"포르탈레자"},"Glace_Bay":{"exemplarCity":"글라스베이"},"Godthab":{"exemplarCity":"고드호프"},"Goose_Bay":{"exemplarCity":"구즈베이"},"Grand_Turk":{"exemplarCity":"그랜드 터크"},"Grenada":{"exemplarCity":"그레나다"},"Guadeloupe":{"exemplarCity":"과들루프"},"Guatemala":{"exemplarCity":"과테말라"},"Guayaquil":{"exemplarCity":"과야킬"},"Guyana":{"exemplarCity":"가이아나"},"Halifax":{"exemplarCity":"핼리팩스"},"Havana":{"exemplarCity":"하바나"},"Hermosillo":{"exemplarCity":"에르모시요"},"Indiana":{"Knox":{"exemplarCity":"인디애나주 녹스"},"Marengo":{"exemplarCity":"인디애나주, 마렝고"},"Petersburg":{"exemplarCity":"인디애나주, 피츠버그"},"Tell_City":{"exemplarCity":"인디아나주, 텔시티"},"Vevay":{"exemplarCity":"비비"},"Vincennes":{"exemplarCity":"인디아나주, 뱅센"},"Winamac":{"exemplarCity":"인디아나주, 워너맥"}},"Indianapolis":{"exemplarCity":"인디애나폴리스"},"Inuvik":{"exemplarCity":"이누빅"},"Iqaluit":{"exemplarCity":"이칼루이트"},"Jamaica":{"exemplarCity":"자메이카"},"Jujuy":{"exemplarCity":"후후이"},"Juneau":{"exemplarCity":"주노"},"Kentucky":{"Monticello":{"exemplarCity":"켄터키주, 몬티첼로"}},"Kralendijk":{"exemplarCity":"크라렌디즈크"},"La_Paz":{"exemplarCity":"라파스"},"Lima":{"exemplarCity":"리마"},"Los_Angeles":{"exemplarCity":"로스앤젤레스"},"Louisville":{"exemplarCity":"루이빌"},"Lower_Princes":{"exemplarCity":"로워 프린스 쿼터"},"Maceio":{"exemplarCity":"마세이오"},"Managua":{"exemplarCity":"마나과"},"Manaus":{"exemplarCity":"마나우스"},"Marigot":{"exemplarCity":"마리곳"},"Martinique":{"exemplarCity":"마티니크"},"Matamoros":{"exemplarCity":"마타모로스"},"Mazatlan":{"exemplarCity":"마사틀란"},"Mendoza":{"exemplarCity":"멘도사"},"Menominee":{"exemplarCity":"메노미니"},"Merida":{"exemplarCity":"메리다"},"Metlakatla":{"exemplarCity":"메틀라카틀라"},"Mexico_City":{"exemplarCity":"멕시코 시티"},"Miquelon":{"exemplarCity":"미클롱"},"Moncton":{"exemplarCity":"몽턴"},"Monterrey":{"exemplarCity":"몬테레이"},"Montevideo":{"exemplarCity":"몬테비데오"},"Montserrat":{"exemplarCity":"몬세라트"},"Nassau":{"exemplarCity":"나소"},"New_York":{"exemplarCity":"뉴욕"},"Nipigon":{"exemplarCity":"니피곤"},"Nome":{"exemplarCity":"놈"},"Noronha":{"exemplarCity":"노롱야"},"North_Dakota":{"Beulah":{"exemplarCity":"노스다코타주, 베라"},"Center":{"exemplarCity":"중부, 노스다코타"},"New_Salem":{"exemplarCity":"노스 다코타주, 뉴살렘"}},"Ojinaga":{"exemplarCity":"오히나가"},"Panama":{"exemplarCity":"파나마"},"Pangnirtung":{"exemplarCity":"팡니르퉁"},"Paramaribo":{"exemplarCity":"파라마리보"},"Phoenix":{"exemplarCity":"피닉스"},"Port-au-Prince":{"exemplarCity":"포르토프랭스"},"Port_of_Spain":{"exemplarCity":"포트오브스페인"},"Porto_Velho":{"exemplarCity":"포르투벨류"},"Puerto_Rico":{"exemplarCity":"푸에르토리코"},"Rainy_River":{"exemplarCity":"레이니강"},"Rankin_Inlet":{"exemplarCity":"랭킹 인렛"},"Recife":{"exemplarCity":"레시페"},"Regina":{"exemplarCity":"리자이나"},"Resolute":{"exemplarCity":"리졸루트"},"Rio_Branco":{"exemplarCity":"히우 브랑쿠"},"Santa_Isabel":{"exemplarCity":"산타 이사벨"},"Santarem":{"exemplarCity":"산타렘"},"Santiago":{"exemplarCity":"산티아고"},"Santo_Domingo":{"exemplarCity":"산토도밍고"},"Sao_Paulo":{"exemplarCity":"상파울로"},"Scoresbysund":{"exemplarCity":"스코레스바이선드"},"Sitka":{"exemplarCity":"싯카"},"St_Barthelemy":{"exemplarCity":"생바르텔레미"},"St_Johns":{"exemplarCity":"세인트존스"},"St_Kitts":{"exemplarCity":"세인트 키츠"},"St_Lucia":{"exemplarCity":"세인트 루시아"},"St_Thomas":{"exemplarCity":"세인트 토마스"},"St_Vincent":{"exemplarCity":"세인트 빈센트"},"Swift_Current":{"exemplarCity":"스위프트커런트"},"Tegucigalpa":{"exemplarCity":"테구시갈파"},"Thule":{"exemplarCity":"툴레"},"Thunder_Bay":{"exemplarCity":"선더베이"},"Tijuana":{"exemplarCity":"티후아나"},"Toronto":{"exemplarCity":"토론토"},"Tortola":{"exemplarCity":"토르톨라"},"Vancouver":{"exemplarCity":"벤쿠버"},"Whitehorse":{"exemplarCity":"화이트호스"},"Winnipeg":{"exemplarCity":"위니펙"},"Yakutat":{"exemplarCity":"야쿠타트"},"Yellowknife":{"exemplarCity":"옐로나이프"}},"Atlantic":{"Azores":{"exemplarCity":"아조레스"},"Bermuda":{"exemplarCity":"버뮤다"},"Canary":{"exemplarCity":"카나리아 제도"},"Cape_Verde":{"exemplarCity":"카보 베르데"},"Faeroe":{"exemplarCity":"페로 제도"},"Madeira":{"exemplarCity":"마데이라"},"Reykjavik":{"exemplarCity":"레이캬비크"},"South_Georgia":{"exemplarCity":"사우스조지아"},"St_Helena":{"exemplarCity":"세인트 헬레나"},"Stanley":{"exemplarCity":"스탠리"}},"Europe":{"Amsterdam":{"exemplarCity":"암스테르담"},"Andorra":{"exemplarCity":"안도라"},"Athens":{"exemplarCity":"아테네"},"Belgrade":{"exemplarCity":"베오그라드"},"Berlin":{"exemplarCity":"베를린"},"Bratislava":{"exemplarCity":"브라티슬라바"},"Brussels":{"exemplarCity":"브뤼셀"},"Bucharest":{"exemplarCity":"부쿠레슈티"},"Budapest":{"exemplarCity":"부다페스트"},"Busingen":{"exemplarCity":"뷔지겐"},"Chisinau":{"exemplarCity":"키시나우"},"Copenhagen":{"exemplarCity":"코펜하겐"},"Dublin":{"long":{"daylight":"아일랜드 시간"},"exemplarCity":"더블린"},"Gibraltar":{"exemplarCity":"지브롤터"},"Guernsey":{"exemplarCity":"건지"},"Helsinki":{"exemplarCity":"헬싱키"},"Isle_of_Man":{"exemplarCity":"맨섬"},"Istanbul":{"exemplarCity":"이스탄불"},"Jersey":{"exemplarCity":"저지"},"Kaliningrad":{"exemplarCity":"칼리닌그라드"},"Kiev":{"exemplarCity":"키예프"},"Lisbon":{"exemplarCity":"리스본"},"Ljubljana":{"exemplarCity":"류블랴나"},"London":{"long":{"daylight":"영국 일광 절약 시간"},"exemplarCity":"런던"},"Luxembourg":{"exemplarCity":"룩셈부르크"},"Madrid":{"exemplarCity":"마드리드"},"Malta":{"exemplarCity":"몰타"},"Mariehamn":{"exemplarCity":"마리에함"},"Minsk":{"exemplarCity":"민스크"},"Monaco":{"exemplarCity":"모나코"},"Moscow":{"exemplarCity":"모스크바"},"Oslo":{"exemplarCity":"오슬로"},"Paris":{"exemplarCity":"파리"},"Podgorica":{"exemplarCity":"포드고리차"},"Prague":{"exemplarCity":"프라하"},"Riga":{"exemplarCity":"리가"},"Rome":{"exemplarCity":"로마"},"Samara":{"exemplarCity":"사마라"},"San_Marino":{"exemplarCity":"산마리노"},"Sarajevo":{"exemplarCity":"사라예보"},"Simferopol":{"exemplarCity":"심페로폴"},"Skopje":{"exemplarCity":"스코페"},"Sofia":{"exemplarCity":"소피아"},"Stockholm":{"exemplarCity":"스톡홀름"},"Tallinn":{"exemplarCity":"탈린"},"Tirane":{"exemplarCity":"티라나"},"Uzhgorod":{"exemplarCity":"우주고로트"},"Vaduz":{"exemplarCity":"파두츠"},"Vatican":{"exemplarCity":"바티칸"},"Vienna":{"exemplarCity":"비엔나"},"Vilnius":{"exemplarCity":"빌니우스"},"Volgograd":{"exemplarCity":"볼고그라트"},"Warsaw":{"exemplarCity":"바르샤바"},"Zagreb":{"exemplarCity":"자그레브"},"Zaporozhye":{"exemplarCity":"자포로지예"},"Zurich":{"exemplarCity":"취리히"}},"Africa":{"Abidjan":{"exemplarCity":"아비장"},"Accra":{"exemplarCity":"아크라"},"Addis_Ababa":{"exemplarCity":"아디스아바바"},"Algiers":{"exemplarCity":"알제"},"Asmera":{"exemplarCity":"아스메라"},"Bamako":{"exemplarCity":"바마코"},"Bangui":{"exemplarCity":"방기"},"Banjul":{"exemplarCity":"반줄"},"Bissau":{"exemplarCity":"비사우"},"Blantyre":{"exemplarCity":"블랜타이어"},"Brazzaville":{"exemplarCity":"브라자빌"},"Bujumbura":{"exemplarCity":"부줌부라"},"Cairo":{"exemplarCity":"카이로"},"Casablanca":{"exemplarCity":"카사블랑카"},"Ceuta":{"exemplarCity":"세우타"},"Conakry":{"exemplarCity":"코나크리"},"Dakar":{"exemplarCity":"다카르"},"Dar_es_Salaam":{"exemplarCity":"다르에스살람"},"Djibouti":{"exemplarCity":"지부티"},"Douala":{"exemplarCity":"두알라"},"El_Aaiun":{"exemplarCity":"엘아이운"},"Freetown":{"exemplarCity":"프리타운"},"Gaborone":{"exemplarCity":"가보로네"},"Harare":{"exemplarCity":"하라레"},"Johannesburg":{"exemplarCity":"요하네스버그"},"Juba":{"exemplarCity":"주바"},"Kampala":{"exemplarCity":"캄팔라"},"Khartoum":{"exemplarCity":"카르툼"},"Kigali":{"exemplarCity":"키갈리"},"Kinshasa":{"exemplarCity":"킨샤사"},"Lagos":{"exemplarCity":"라고스"},"Libreville":{"exemplarCity":"리브르빌"},"Lome":{"exemplarCity":"로메"},"Luanda":{"exemplarCity":"루안다"},"Lubumbashi":{"exemplarCity":"루붐바시"},"Lusaka":{"exemplarCity":"루사카"},"Malabo":{"exemplarCity":"말라보"},"Maputo":{"exemplarCity":"마푸토"},"Maseru":{"exemplarCity":"마세루"},"Mbabane":{"exemplarCity":"음바바네"},"Mogadishu":{"exemplarCity":"모가디슈"},"Monrovia":{"exemplarCity":"몬로비아"},"Nairobi":{"exemplarCity":"나이로비"},"Ndjamena":{"exemplarCity":"엔자메나"},"Niamey":{"exemplarCity":"니아메"},"Nouakchott":{"exemplarCity":"누악쇼트"},"Ouagadougou":{"exemplarCity":"와가두구"},"Porto-Novo":{"exemplarCity":"포르토노보"},"Sao_Tome":{"exemplarCity":"상투메"},"Tripoli":{"exemplarCity":"트리폴리"},"Tunis":{"exemplarCity":"튀니스"},"Windhoek":{"exemplarCity":"빈트후크"}},"Asia":{"Aden":{"exemplarCity":"아덴"},"Almaty":{"exemplarCity":"알마티"},"Amman":{"exemplarCity":"암만"},"Anadyr":{"exemplarCity":"아나디리"},"Aqtau":{"exemplarCity":"아크타우"},"Aqtobe":{"exemplarCity":"악토브"},"Ashgabat":{"exemplarCity":"아슈하바트"},"Baghdad":{"exemplarCity":"바그다드"},"Bahrain":{"exemplarCity":"바레인"},"Baku":{"exemplarCity":"바쿠"},"Bangkok":{"exemplarCity":"방콕"},"Beirut":{"exemplarCity":"베이루트"},"Bishkek":{"exemplarCity":"비슈케크"},"Brunei":{"exemplarCity":"브루나이"},"Calcutta":{"exemplarCity":"콜카타"},"Chita":{"exemplarCity":"Chita"},"Choibalsan":{"exemplarCity":"초이발산"},"Colombo":{"exemplarCity":"콜롬보"},"Damascus":{"exemplarCity":"다마스쿠스"},"Dhaka":{"exemplarCity":"다카"},"Dili":{"exemplarCity":"딜리"},"Dubai":{"exemplarCity":"두바이"},"Dushanbe":{"exemplarCity":"두샨베"},"Gaza":{"exemplarCity":"가자"},"Hebron":{"exemplarCity":"헤브론"},"Hong_Kong":{"exemplarCity":"홍콩"},"Hovd":{"exemplarCity":"호브드"},"Irkutsk":{"exemplarCity":"이르쿠츠크"},"Jakarta":{"exemplarCity":"자카르타"},"Jayapura":{"exemplarCity":"자야푸라"},"Jerusalem":{"exemplarCity":"예루살렘"},"Kabul":{"exemplarCity":"카불"},"Kamchatka":{"exemplarCity":"캄차카"},"Karachi":{"exemplarCity":"카라치"},"Katmandu":{"exemplarCity":"카트만두"},"Khandyga":{"exemplarCity":"한디가"},"Krasnoyarsk":{"exemplarCity":"크라스노야르스크"},"Kuala_Lumpur":{"exemplarCity":"쿠알라룸푸르"},"Kuching":{"exemplarCity":"쿠칭"},"Kuwait":{"exemplarCity":"쿠웨이트"},"Macau":{"exemplarCity":"마카오"},"Magadan":{"exemplarCity":"마가단"},"Makassar":{"exemplarCity":"마카사르"},"Manila":{"exemplarCity":"마닐라"},"Muscat":{"exemplarCity":"무스카트"},"Nicosia":{"exemplarCity":"니코시아"},"Novokuznetsk":{"exemplarCity":"노보쿠즈네츠크"},"Novosibirsk":{"exemplarCity":"노보시비르스크"},"Omsk":{"exemplarCity":"옴스크"},"Oral":{"exemplarCity":"오랄"},"Phnom_Penh":{"exemplarCity":"프놈펜"},"Pontianak":{"exemplarCity":"폰티아나크"},"Pyongyang":{"exemplarCity":"평양"},"Qatar":{"exemplarCity":"카타르"},"Qyzylorda":{"exemplarCity":"키질로르다"},"Rangoon":{"exemplarCity":"랑군"},"Riyadh":{"exemplarCity":"리야드"},"Saigon":{"exemplarCity":"사이공"},"Sakhalin":{"exemplarCity":"사할린"},"Samarkand":{"exemplarCity":"사마르칸트"},"Seoul":{"exemplarCity":"서울"},"Shanghai":{"exemplarCity":"상하이"},"Singapore":{"exemplarCity":"싱가포르"},"Srednekolymsk":{"exemplarCity":"Srednekolymsk"},"Taipei":{"exemplarCity":"타이베이"},"Tashkent":{"exemplarCity":"타슈켄트"},"Tbilisi":{"exemplarCity":"트빌리시"},"Tehran":{"exemplarCity":"테헤란"},"Thimphu":{"exemplarCity":"팀부"},"Tokyo":{"exemplarCity":"도쿄"},"Ulaanbaatar":{"exemplarCity":"울란바토르"},"Urumqi":{"exemplarCity":"우루무치"},"Ust-Nera":{"exemplarCity":"우스티네라"},"Vientiane":{"exemplarCity":"비엔티안"},"Vladivostok":{"exemplarCity":"블라디보스토크"},"Yakutsk":{"exemplarCity":"야쿠츠크"},"Yekaterinburg":{"exemplarCity":"예카테린부르크"},"Yerevan":{"exemplarCity":"예레반"}},"Indian":{"Antananarivo":{"exemplarCity":"안타나나리보"},"Chagos":{"exemplarCity":"차고스"},"Christmas":{"exemplarCity":"크리스마스"},"Cocos":{"exemplarCity":"코코스"},"Comoro":{"exemplarCity":"코모로"},"Kerguelen":{"exemplarCity":"케르켈렌"},"Mahe":{"exemplarCity":"마헤"},"Maldives":{"exemplarCity":"몰디브"},"Mauritius":{"exemplarCity":"모리셔스"},"Mayotte":{"exemplarCity":"메요트"},"Reunion":{"exemplarCity":"레위니옹"}},"Australia":{"Adelaide":{"exemplarCity":"애들레이드"},"Brisbane":{"exemplarCity":"브리스베인"},"Broken_Hill":{"exemplarCity":"브로컨힐"},"Currie":{"exemplarCity":"퀴리"},"Darwin":{"exemplarCity":"다윈"},"Eucla":{"exemplarCity":"유클라"},"Hobart":{"exemplarCity":"호바트"},"Lindeman":{"exemplarCity":"린데만"},"Lord_Howe":{"exemplarCity":"로드 하우"},"Melbourne":{"exemplarCity":"멜버른"},"Perth":{"exemplarCity":"퍼스"},"Sydney":{"exemplarCity":"시드니"}},"Pacific":{"Apia":{"exemplarCity":"아피아"},"Auckland":{"exemplarCity":"오클랜드"},"Bougainville":{"exemplarCity":"Bougainville"},"Chatham":{"exemplarCity":"채텀"},"Easter":{"exemplarCity":"이스터 섬"},"Efate":{"exemplarCity":"에파테"},"Enderbury":{"exemplarCity":"엔더베리"},"Fakaofo":{"exemplarCity":"파카오푸"},"Fiji":{"exemplarCity":"피지"},"Funafuti":{"exemplarCity":"푸나푸티"},"Galapagos":{"exemplarCity":"갈라파고스"},"Gambier":{"exemplarCity":"감비어"},"Guadalcanal":{"exemplarCity":"과달카날"},"Guam":{"exemplarCity":"괌"},"Honolulu":{"exemplarCity":"호놀룰루"},"Johnston":{"exemplarCity":"존스톤"},"Kiritimati":{"exemplarCity":"키리티마티"},"Kosrae":{"exemplarCity":"코스레"},"Kwajalein":{"exemplarCity":"콰잘렌"},"Majuro":{"exemplarCity":"마주로"},"Marquesas":{"exemplarCity":"마퀘사스"},"Midway":{"exemplarCity":"미드웨이"},"Nauru":{"exemplarCity":"나우루"},"Niue":{"exemplarCity":"니우에"},"Norfolk":{"exemplarCity":"노퍽"},"Noumea":{"exemplarCity":"누메아"},"Pago_Pago":{"exemplarCity":"파고파고"},"Palau":{"exemplarCity":"팔라우"},"Pitcairn":{"exemplarCity":"핏케언"},"Ponape":{"exemplarCity":"포나페"},"Port_Moresby":{"exemplarCity":"포트모르즈비"},"Rarotonga":{"exemplarCity":"라로통가"},"Saipan":{"exemplarCity":"사이판"},"Tahiti":{"exemplarCity":"타히티"},"Tarawa":{"exemplarCity":"타라와"},"Tongatapu":{"exemplarCity":"통가타푸"},"Truk":{"exemplarCity":"트루크"},"Wake":{"exemplarCity":"웨이크"},"Wallis":{"exemplarCity":"월리스"}},"Arctic":{"Longyearbyen":{"exemplarCity":"롱이어비엔"}},"Antarctica":{"Casey":{"exemplarCity":"케이시"},"Davis":{"exemplarCity":"데이비스"},"DumontDUrville":{"exemplarCity":"뒤몽 뒤르빌"},"Macquarie":{"exemplarCity":"맥쿼리"},"Mawson":{"exemplarCity":"모슨"},"McMurdo":{"exemplarCity":"맥머도"},"Palmer":{"exemplarCity":"파머"},"Rothera":{"exemplarCity":"로데라"},"Syowa":{"exemplarCity":"쇼와"},"Troll":{"exemplarCity":"트롤"},"Vostok":{"exemplarCity":"보스토크"}},"Etc":{"GMT":{"exemplarCity":"GMT"},"GMT1":{"exemplarCity":"GMT+1"},"GMT10":{"exemplarCity":"GMT+10"},"GMT11":{"exemplarCity":"GMT+11"},"GMT12":{"exemplarCity":"GMT+12"},"GMT2":{"exemplarCity":"GMT+2"},"GMT3":{"exemplarCity":"GMT+3"},"GMT4":{"exemplarCity":"GMT+4"},"GMT5":{"exemplarCity":"GMT+5"},"GMT6":{"exemplarCity":"GMT+6"},"GMT7":{"exemplarCity":"GMT+7"},"GMT8":{"exemplarCity":"GMT+8"},"GMT9":{"exemplarCity":"GMT+9"},"GMT-1":{"exemplarCity":"GMT-1"},"GMT-10":{"exemplarCity":"GMT-10"},"GMT-11":{"exemplarCity":"GMT-11"},"GMT-12":{"exemplarCity":"GMT-12"},"GMT-13":{"exemplarCity":"GMT-13"},"GMT-14":{"exemplarCity":"GMT-14"},"GMT-2":{"exemplarCity":"GMT-2"},"GMT-3":{"exemplarCity":"GMT-3"},"GMT-4":{"exemplarCity":"GMT-4"},"GMT-5":{"exemplarCity":"GMT-5"},"GMT-6":{"exemplarCity":"GMT-6"},"GMT-7":{"exemplarCity":"GMT-7"},"GMT-8":{"exemplarCity":"GMT-8"},"GMT-9":{"exemplarCity":"GMT-9"},"Unknown":{"exemplarCity":"알 수 없는 장소"}}},"metazone":{"Acre":{"long":{"generic":"아크레 시간","standard":"아크레 표준시","daylight":"아크레 하계 표준시"}},"Afghanistan":{"long":{"standard":"아프가니스탄 시간"}},"Africa_Central":{"long":{"standard":"중앙아프리카 시간"}},"Africa_Eastern":{"long":{"standard":"동아프리카 시간"}},"Africa_Southern":{"long":{"standard":"남아프리카 시간"}},"Africa_Western":{"long":{"generic":"서아프리카 시간","standard":"서아프리카 표준시","daylight":"서아프리카 하계 표준시"}},"Alaska":{"long":{"generic":"알래스카 시간","standard":"알래스카 표준시","daylight":"알래스카 하계 표준시"}},"Almaty":{"long":{"generic":"알마티 표준 시간","standard":"알마티 표준 표준시","daylight":"알마티 서머 타임"}},"Amazon":{"long":{"generic":"아마존 시간","standard":"아마존 표준시","daylight":"아마존 하계 표준시"}},"America_Central":{"long":{"generic":"미 중부 시간","standard":"미 중부 표준시","daylight":"미 중부 하계 표준시"}},"America_Eastern":{"long":{"generic":"미 동부 시간","standard":"미 동부 표준시","daylight":"미 동부 하계 표준시"}},"America_Mountain":{"long":{"generic":"미 산지 시간","standard":"미 산악 표준시","daylight":"미 산지 하계 표준시"}},"America_Pacific":{"long":{"generic":"미 태평양 시간","standard":"미 태평양 표준시","daylight":"미 태평양 하계 표준시"}},"Anadyr":{"long":{"generic":"아나디리 시간","standard":"아나디리 표준시","daylight":"아나디리 서머 타임"}},"Apia":{"long":{"generic":"아피아 시간","standard":"아피아 표준시","daylight":"아피아 하계 표준시"}},"Aqtau":{"long":{"generic":"악타우 표준 시간","standard":"악타우 표준 표준시","daylight":"악타우 서머 타임"}},"Aqtobe":{"long":{"generic":"악퇴베 표준 시간","standard":"악퇴베 표준 표준시","daylight":"악퇴베 서머 타임"}},"Arabian":{"long":{"generic":"아라비아 시간","standard":"아라비아 표준시","daylight":"아라비아 하계 표준시"}},"Argentina":{"long":{"generic":"아르헨티나 시간","standard":"아르헨티나 표준시","daylight":"아르헨티나 하계 표준시"}},"Argentina_Western":{"long":{"generic":"아르헨티나 서부 시간","standard":"아르헨티나 서부 표준시","daylight":"아르헨티나 서부 하계 표준시"}},"Armenia":{"long":{"generic":"아르메니아 시간","standard":"아르메니아 표준시","daylight":"아르메니아 하계 표준시"}},"Atlantic":{"long":{"generic":"대서양 시간","standard":"대서양 표준시","daylight":"미 대서양 하계 표준시"}},"Australia_Central":{"long":{"generic":"중앙 오스트레일리아 시간","standard":"오스트레일리아 중부 표준시","daylight":"오스트레일리아 중부 하계 표준시"}},"Australia_CentralWestern":{"long":{"generic":"오스트레일리아 중서부 시간","standard":"오스트레일리아 중서부 표준시","daylight":"오스트레일리아 중서부 하계 표준시"}},"Australia_Eastern":{"long":{"generic":"동부 오스트레일리아 시간","standard":"오스트레일리아 동부 표준시","daylight":"오스트레일리아 동부 하계 표준시"}},"Australia_Western":{"long":{"generic":"서부 오스트레일리아 시간","standard":"오스트레일리아 서부 표준시","daylight":"오스트레일리아 서부 하계 표준시"}},"Azerbaijan":{"long":{"generic":"아제르바이잔 시간","standard":"아제르바이잔 표준시","daylight":"아제르바이잔 하계 표준시"}},"Azores":{"long":{"generic":"아조레스 시간","standard":"아조레스 표준시","daylight":"아조레스 하계 표준시"}},"Bangladesh":{"long":{"generic":"방글라데시 시간","standard":"방글라데시 표준시","daylight":"방글라데시 하계 표준시"}},"Bhutan":{"long":{"standard":"부탄 시간"}},"Bolivia":{"long":{"standard":"볼리비아 시간"}},"Brasilia":{"long":{"generic":"브라질리아 시간","standard":"브라질리아 표준시","daylight":"브라질리아 하계 표준시"}},"Brunei":{"long":{"standard":"브루나이 시간"}},"Cape_Verde":{"long":{"generic":"카보 베르데 시간","standard":"카보 베르데 표준시","daylight":"카보 베르데 하계 표준시"}},"Casey":{"long":{"standard":"케이시 시간"}},"Chamorro":{"long":{"standard":"차모로 시간"}},"Chatham":{"long":{"generic":"채텀 시간","standard":"채텀 표준시","daylight":"채텀 하계 표준시"}},"Chile":{"long":{"generic":"칠레 시간","standard":"칠레 표준시","daylight":"칠레 하계 표준시"}},"China":{"long":{"generic":"중국 시간","standard":"중국 표준시","daylight":"중국 하계 표준시"}},"Choibalsan":{"long":{"generic":"초이발산 시간","standard":"초이발산 표준시","daylight":"초이발산 하계 표준시"}},"Christmas":{"long":{"standard":"크리스마스섬 시간"}},"Cocos":{"long":{"standard":"코코스 제도 시간"}},"Colombia":{"long":{"generic":"콜롬비아 시간","standard":"콜롬비아 표준시","daylight":"콜롬비아 하계 표준시"}},"Cook":{"long":{"generic":"쿡 제도 시간","standard":"쿡 제도 표준시","daylight":"쿡 제도 절반 서머 타임"}},"Cuba":{"long":{"generic":"쿠바 시간","standard":"쿠바 표준시","daylight":"쿠바 하계 표준시"}},"Davis":{"long":{"standard":"데이비스 시간"}},"DumontDUrville":{"long":{"standard":"뒤몽뒤르빌 시간"}},"East_Timor":{"long":{"standard":"동티모르 시간"}},"Easter":{"long":{"generic":"이스터섬 시간","standard":"이스터섬 표준시","daylight":"이스터섬 하계 표준시"}},"Ecuador":{"long":{"standard":"에콰도르 시간"}},"Europe_Central":{"long":{"generic":"중부 유럽 시간","standard":"중부 유럽 표준시","daylight":"중부유럽 하계 표준시"}},"Europe_Eastern":{"long":{"generic":"동부유럽 시간","standard":"동부유럽 표준시","daylight":"동부유럽 하계 표준시"}},"Europe_Further_Eastern":{"long":{"standard":"극동 유럽 표준시"}},"Europe_Western":{"long":{"generic":"서유럽 시간","standard":"서유럽 표준시","daylight":"서유럽 서머 타임"}},"Falkland":{"long":{"generic":"포클랜드 시간","standard":"포클랜드 제도 표준시","daylight":"포클랜드 하계 표준시"}},"Fiji":{"long":{"generic":"피지 시간","standard":"피지 표준시","daylight":"피지 서머 타임"}},"French_Guiana":{"long":{"standard":"프랑스령 가이아나 시간"}},"French_Southern":{"long":{"standard":"프랑스령 남부 식민지 및 남극 시간"}},"GMT":{"long":{"standard":"그리니치 표준시"}},"Galapagos":{"long":{"standard":"갈라파고스 시간"}},"Gambier":{"long":{"standard":"감비에 시간"}},"Georgia":{"long":{"generic":"그루지아 시간","standard":"그루지아 표준시","daylight":"그루지아 하계 표준시"}},"Gilbert_Islands":{"long":{"standard":"길버트 제도 시간"}},"Greenland_Eastern":{"long":{"generic":"그린란드 동부 시간","standard":"그린란드 동부 표준시","daylight":"그린란드 동부 하계 표준시"}},"Greenland_Western":{"long":{"generic":"그린란드 서부 시간","standard":"그린란드 서부 표준시","daylight":"그린란드 서부 하계 표준시"}},"Guam":{"long":{"standard":"괌 표준 시간"}},"Gulf":{"long":{"standard":"걸프만 표준시"}},"Guyana":{"long":{"standard":"가이아나 시간"}},"Hawaii_Aleutian":{"long":{"generic":"하와이 알류샨 시간","standard":"하와이 알류샨 표준시","daylight":"하와이 알류샨 하계 표준시"}},"Hong_Kong":{"long":{"generic":"홍콩 시간","standard":"홍콩 표준시","daylight":"홍콩 하계 표준시"}},"Hovd":{"long":{"generic":"호브드 시간","standard":"호브드 표준시","daylight":"호브드 하계 표준시"}},"India":{"long":{"standard":"인도 표준시"}},"Indian_Ocean":{"long":{"standard":"인도양 시간"}},"Indochina":{"long":{"standard":"인도차이나 시간"}},"Indonesia_Central":{"long":{"standard":"중부 인도네시아 시간"}},"Indonesia_Eastern":{"long":{"standard":"동부 인도네시아 시간"}},"Indonesia_Western":{"long":{"standard":"서부 인도네시아 시간"}},"Iran":{"long":{"generic":"이란 시간","standard":"이란 표준시","daylight":"이란 하계 표준시"}},"Irkutsk":{"long":{"generic":"이르쿠츠크 시간","standard":"이르쿠츠크 표준시","daylight":"이르쿠츠크 하계 표준시"}},"Israel":{"long":{"generic":"이스라엘 시간","standard":"이스라엘 표준시","daylight":"이스라엘 하계 표준시"}},"Japan":{"long":{"generic":"일본 시간","standard":"일본 표준시","daylight":"일본 하계 표준시"}},"Kamchatka":{"long":{"generic":"페트로파블롭스크-캄차츠키 시간","standard":"페트로파블롭스크-캄차츠키 표준시","daylight":"페트로파블롭스크-캄차츠키 서머 타임"}},"Kazakhstan_Eastern":{"long":{"standard":"동부 카자흐스탄 시간"}},"Kazakhstan_Western":{"long":{"standard":"서부 카자흐스탄 시간"}},"Korea":{"long":{"generic":"대한민국 시간","standard":"대한민국 표준시","daylight":"대한민국 하계 표준시"}},"Kosrae":{"long":{"standard":"코스라에섬 시간"}},"Krasnoyarsk":{"long":{"generic":"크라스노야르스크 시간","standard":"크라스노야르스크 표준시","daylight":"크라스노야르스크 하계 표준시"}},"Kyrgystan":{"long":{"standard":"키르기스스탄 시간"}},"Lanka":{"long":{"standard":"랑카 표준 시간"}},"Line_Islands":{"long":{"standard":"라인 제도 시간"}},"Lord_Howe":{"long":{"generic":"로드 하우 시간","standard":"로드 하우 표준시","daylight":"로드 하우 하계 표준시"}},"Macau":{"long":{"generic":"마카오 시간","standard":"마카오 표준 시간","daylight":"마카오 서머 타임"}},"Macquarie":{"long":{"standard":"매쿼리섬 시간"}},"Magadan":{"long":{"generic":"마가단 시간","standard":"마가단 표준시","daylight":"마가단 하계 표준시"}},"Malaysia":{"long":{"standard":"말레이시아 시간"}},"Maldives":{"long":{"standard":"몰디브 시간"}},"Marquesas":{"long":{"standard":"마르키즈 제도 시간"}},"Marshall_Islands":{"long":{"standard":"마셜 제도 시간"}},"Mauritius":{"long":{"generic":"모리셔스 시간","standard":"모리셔스 표준시","daylight":"모리셔스 하계 표준시"}},"Mawson":{"long":{"standard":"모슨 시간"}},"Mexico_Northwest":{"long":{"generic":"멕시코 북서부 시간","standard":"멕시코 북서부 표준시","daylight":"멕시코 북서부 하계 표준시"}},"Mexico_Pacific":{"long":{"generic":"멕시코 태평양 시간","standard":"멕시코 태평양 표준시","daylight":"멕시코 태평양 하계 표준시"}},"Mongolia":{"long":{"generic":"울란바토르 시간","standard":"울란바토르 표준시","daylight":"울란바토르 하계 표준시"}},"Moscow":{"long":{"generic":"모스크바 시간","standard":"모스크바 표준시","daylight":"모스크바 하계 표준시"}},"Myanmar":{"long":{"standard":"미얀마 시간"}},"Nauru":{"long":{"standard":"나우루 시간"}},"Nepal":{"long":{"standard":"네팔 시간"}},"New_Caledonia":{"long":{"generic":"뉴칼레도니아 시간","standard":"뉴칼레도니아 표준시","daylight":"뉴 칼레도니아 하계 표준시"}},"New_Zealand":{"long":{"generic":"뉴질랜드 시간","standard":"뉴질랜드 표준시","daylight":"뉴질랜드 하계 표준시"}},"Newfoundland":{"long":{"generic":"뉴펀들랜드 시간","standard":"뉴펀들랜드 표준시","daylight":"뉴펀들랜드 하계 표준시"}},"Niue":{"long":{"standard":"니우에 시간"}},"Norfolk":{"long":{"standard":"노퍽섬 시간"}},"Noronha":{"long":{"generic":"페르난도 데 노로냐 시간","standard":"페르난도 데 노로냐 표준시","daylight":"페르난도 데 노로냐 하계 표준시"}},"North_Mariana":{"long":{"standard":"북마리아나 제도 표준 시간"}},"Novosibirsk":{"long":{"generic":"노보시비르스크 시간","standard":"노보시비르스크 표준시","daylight":"노보시비르스크 하계 표준시"}},"Omsk":{"long":{"generic":"옴스크 시간","standard":"옴스크 표준시","daylight":"옴스크 하계 표준시"}},"Pakistan":{"long":{"generic":"파키스탄 시간","standard":"파키스탄 표준시","daylight":"파키스탄 서머 타임"}},"Palau":{"long":{"standard":"팔라우 시간"}},"Papua_New_Guinea":{"long":{"standard":"파푸아뉴기니 시간"}},"Paraguay":{"long":{"generic":"파라과이 시간","standard":"파라과이 표준시","daylight":"파라과이 하계 표준시"}},"Peru":{"long":{"generic":"페루 시간","standard":"페루 표준시","daylight":"페루 하계 표준시"}},"Philippines":{"long":{"generic":"필리핀 시간","standard":"필리핀 표준시","daylight":"필리핀 하계 표준시"}},"Phoenix_Islands":{"long":{"standard":"피닉스 제도 시간"}},"Pierre_Miquelon":{"long":{"generic":"세인트피에르 미클롱 시간","standard":"세인트피에르 미클롱 표준시","daylight":"세인트피에르 미클롱 하계 표준시"}},"Pitcairn":{"long":{"standard":"핏케언 시간"}},"Ponape":{"long":{"standard":"포나페 시간"}},"Qyzylorda":{"long":{"generic":"키질로르다 시간","standard":"키질로르다 표준 시간","daylight":"키질로르다 서머 타임"}},"Reunion":{"long":{"standard":"레위니옹 시간"}},"Rothera":{"long":{"standard":"로데라 시간"}},"Sakhalin":{"long":{"generic":"사할린 시간","standard":"사할린 표준시","daylight":"사할린 하계 표준시"}},"Samara":{"long":{"generic":"사마라 시간","standard":"사마라 표준시","daylight":"사마라 서머 타임"}},"Samoa":{"long":{"generic":"사모아 시간","standard":"사모아 표준시","daylight":"사모아 하계 표준시"}},"Seychelles":{"long":{"standard":"세이셸 시간"}},"Singapore":{"long":{"standard":"싱가포르 표준시"}},"Solomon":{"long":{"standard":"솔로몬 제도 시간"}},"South_Georgia":{"long":{"standard":"사우스 조지아 시간"}},"Suriname":{"long":{"standard":"수리남 시간"}},"Syowa":{"long":{"standard":"쇼와 시간"}},"Tahiti":{"long":{"standard":"타히티 시간"}},"Taipei":{"long":{"generic":"대만 시간","standard":"대만 표준시","daylight":"대만 하계 표준시"}},"Tajikistan":{"long":{"standard":"타지키스탄 시간"}},"Tokelau":{"long":{"standard":"토켈라우 시간"}},"Tonga":{"long":{"generic":"통가 시간","standard":"통가 표준시","daylight":"통가 서머 타임"}},"Truk":{"long":{"standard":"추크 시간"}},"Turkmenistan":{"long":{"generic":"투르크메니스탄 시간","standard":"투르크메니스탄 표준시","daylight":"투르크메니스탄 하계 표준시"}},"Tuvalu":{"long":{"standard":"투발루 시간"}},"Uruguay":{"long":{"generic":"우루과이 시간","standard":"우루과이 표준시","daylight":"우루과이 하계 표준시"}},"Uzbekistan":{"long":{"generic":"우즈베키스탄 시간","standard":"우즈베키스탄 표준시","daylight":"우즈베키스탄 하계 표준시"}},"Vanuatu":{"long":{"generic":"바누아투 시간","standard":"바누아투 표준시","daylight":"바누아투 서머 타임"}},"Venezuela":{"long":{"standard":"베네수엘라 시간"}},"Vladivostok":{"long":{"generic":"블라디보스토크 시간","standard":"블라디보스토크 표준시","daylight":"블라디보스토크 하계 표준시"}},"Volgograd":{"long":{"generic":"볼고그라드 시간","standard":"볼고그라드 표준시","daylight":"볼고그라드 하계 표준시"}},"Vostok":{"long":{"standard":"보스톡 시간"}},"Wake":{"long":{"standard":"웨이크섬 시간"}},"Wallis":{"long":{"standard":"월리스푸투나 제도 시간"}},"Yakutsk":{"long":{"generic":"야쿠츠크 시간","standard":"야쿠츠크 표준시","daylight":"야쿠츠크 하계 표준시"}},"Yekaterinburg":{"long":{"generic":"예카테린부르크 시간","standard":"예카테린부르크 표준시","daylight":"예카테린부르크 하계 표준시"}}}}