{"hourFormat":"+HH:mm;-HH:mm","gmtFormat":"GMT%1$s","gmtZeroFormat":"GMT","regionFormat":"Ora din %1$s","regionFormat-type-standard":"Ora standard din %1$s","regionFormat-type-daylight":"Ora de vară din %1$s","fallbackFormat":"%2$s (%1$s)","zone":{"America":{"Adak":{"exemplarCity":"Adak"},"Anchorage":{"exemplarCity":"Anchorage"},"Anguilla":{"exemplarCity":"Anguilla"},"Antigua":{"exemplarCity":"Antigua"},"Araguaina":{"exemplarCity":"Araguaina"},"Argentina":{"La_Rioja":{"exemplarCity":"La Rioja"},"Rio_Gallegos":{"exemplarCity":"Rio Gallegos"},"Salta":{"exemplarCity":"Salta"},"San_Juan":{"exemplarCity":"San Juan"},"San_Luis":{"exemplarCity":"San Luis"},"Tucuman":{"exemplarCity":"Tucuman"},"Ushuaia":{"exemplarCity":"Ushuaia"}},"Aruba":{"exemplarCity":"Aruba"},"Asuncion":{"exemplarCity":"Asunción"},"Bahia":{"exemplarCity":"Bahia"},"Bahia_Banderas":{"exemplarCity":"Bahia Banderas"},"Barbados":{"exemplarCity":"Barbados"},"Belem":{"exemplarCity":"Belem"},"Belize":{"exemplarCity":"Belize"},"Blanc-Sablon":{"exemplarCity":"Blanc-Sablon"},"Boa_Vista":{"exemplarCity":"Boa Vista"},"Bogota":{"exemplarCity":"Bogota"},"Boise":{"exemplarCity":"Boise"},"Buenos_Aires":{"exemplarCity":"Buenos Aires"},"Cambridge_Bay":{"exemplarCity":"Cambridge Bay"},"Campo_Grande":{"exemplarCity":"Campo Grande"},"Cancun":{"exemplarCity":"Cancun"},"Caracas":{"exemplarCity":"Caracas"},"Catamarca":{"exemplarCity":"Catamarca"},"Cayenne":{"exemplarCity":"Cayenne"},"Cayman":{"exemplarCity":"Cayman"},"Chicago":{"exemplarCity":"Chicago"},"Chihuahua":{"exemplarCity":"Chihuahua"},"Coral_Harbour":{"exemplarCity":"Atikokan"},"Cordoba":{"exemplarCity":"Cordoba"},"Costa_Rica":{"exemplarCity":"Costa Rica"},"Creston":{"exemplarCity":"Creston"},"Cuiaba":{"exemplarCity":"Cuiaba"},"Curacao":{"exemplarCity":"Curaçao"},"Danmarkshavn":{"exemplarCity":"Danmarkshavn"},"Dawson":{"exemplarCity":"Dawson"},"Dawson_Creek":{"exemplarCity":"Dawson Creek"},"Denver":{"exemplarCity":"Denver"},"Detroit":{"exemplarCity":"Detroit"},"Dominica":{"exemplarCity":"Dominica"},"Edmonton":{"exemplarCity":"Edmonton"},"Eirunepe":{"exemplarCity":"Eirunepe"},"El_Salvador":{"exemplarCity":"El Salvador"},"Fortaleza":{"exemplarCity":"Fortaleza"},"Glace_Bay":{"exemplarCity":"Glace Bay"},"Godthab":{"exemplarCity":"Nuuk"},"Goose_Bay":{"exemplarCity":"Goose Bay"},"Grand_Turk":{"exemplarCity":"Grand Turk"},"Grenada":{"exemplarCity":"Grenada"},"Guadeloupe":{"exemplarCity":"Guadelupa"},"Guatemala":{"exemplarCity":"Guatemala"},"Guayaquil":{"exemplarCity":"Guayaquil"},"Guyana":{"exemplarCity":"Guyana"},"Halifax":{"exemplarCity":"Halifax"},"Havana":{"exemplarCity":"Havana"},"Hermosillo":{"exemplarCity":"Hermosillo"},"Indiana":{"Knox":{"exemplarCity":"Knox, Indiana"},"Marengo":{"exemplarCity":"Marengo, Indiana"},"Petersburg":{"exemplarCity":"Petersburg, Indiana"},"Tell_City":{"exemplarCity":"Tell City, Indiana"},"Vevay":{"exemplarCity":"Vevay, Indiana"},"Vincennes":{"exemplarCity":"Vincennes, Indiana"},"Winamac":{"exemplarCity":"Winamac, Indiana"}},"Indianapolis":{"exemplarCity":"Indianapolis"},"Inuvik":{"exemplarCity":"Inuvik"},"Iqaluit":{"exemplarCity":"Iqaluit"},"Jamaica":{"exemplarCity":"Jamaica"},"Jujuy":{"exemplarCity":"Jujuy"},"Juneau":{"exemplarCity":"Juneau"},"Kentucky":{"Monticello":{"exemplarCity":"Monticello, Kentucky"}},"Kralendijk":{"exemplarCity":"Kralendijk"},"La_Paz":{"exemplarCity":"La Paz"},"Lima":{"exemplarCity":"Lima"},"Los_Angeles":{"exemplarCity":"Los Angeles"},"Louisville":{"exemplarCity":"Louisville"},"Lower_Princes":{"exemplarCity":"Lower Prince’s Quarter"},"Maceio":{"exemplarCity":"Maceio"},"Managua":{"exemplarCity":"Managua"},"Manaus":{"exemplarCity":"Manaus"},"Marigot":{"exemplarCity":"Marigot"},"Martinique":{"exemplarCity":"Martinica"},"Matamoros":{"exemplarCity":"Matamoros"},"Mazatlan":{"exemplarCity":"Mazatlan"},"Mendoza":{"exemplarCity":"Mendoza"},"Menominee":{"exemplarCity":"Menominee"},"Merida":{"exemplarCity":"Merida"},"Metlakatla":{"exemplarCity":"Metlakatla"},"Mexico_City":{"exemplarCity":"Ciudad de Mexico"},"Miquelon":{"exemplarCity":"Miquelon"},"Moncton":{"exemplarCity":"Moncton"},"Monterrey":{"exemplarCity":"Monterrey"},"Montevideo":{"exemplarCity":"Montevideo"},"Montserrat":{"exemplarCity":"Montserrat"},"Nassau":{"exemplarCity":"Nassau"},"New_York":{"exemplarCity":"New York"},"Nipigon":{"exemplarCity":"Nipigon"},"Nome":{"exemplarCity":"Nome"},"Noronha":{"exemplarCity":"Noronha"},"North_Dakota":{"Beulah":{"exemplarCity":"Beulah, Dakota de Nord"},"Center":{"exemplarCity":"Centru, Dakota de Nord"},"New_Salem":{"exemplarCity":"New Salem, Dakota de Nord"}},"Ojinaga":{"exemplarCity":"Ojinaga"},"Panama":{"exemplarCity":"Panama"},"Pangnirtung":{"exemplarCity":"Pangnirtung"},"Paramaribo":{"exemplarCity":"Paramaribo"},"Phoenix":{"exemplarCity":"Phoenix"},"Port-au-Prince":{"exemplarCity":"Port-au-Prince"},"Port_of_Spain":{"exemplarCity":"Port of Spain"},"Porto_Velho":{"exemplarCity":"Porto Velho"},"Puerto_Rico":{"exemplarCity":"Puerto Rico"},"Rainy_River":{"exemplarCity":"Rainy River"},"Rankin_Inlet":{"exemplarCity":"Rankin Inlet"},"Recife":{"exemplarCity":"Recife"},"Regina":{"exemplarCity":"Regina"},"Resolute":{"exemplarCity":"Resolute"},"Rio_Branco":{"exemplarCity":"Rio Branco"},"Santa_Isabel":{"exemplarCity":"Santa Isabel"},"Santarem":{"exemplarCity":"Santarem"},"Santiago":{"exemplarCity":"Santiago"},"Santo_Domingo":{"exemplarCity":"Santo Domingo"},"Sao_Paulo":{"exemplarCity":"Sao Paulo"},"Scoresbysund":{"exemplarCity":"Ittoqqortoormiit"},"Sitka":{"exemplarCity":"Sitka"},"St_Barthelemy":{"exemplarCity":"Saint Barthélemy"},"St_Johns":{"exemplarCity":"St. John’s"},"St_Kitts":{"exemplarCity":"St. Kitts"},"St_Lucia":{"exemplarCity":"St. Lucia"},"St_Thomas":{"exemplarCity":"St. Thomas"},"St_Vincent":{"exemplarCity":"St. Vincent"},"Swift_Current":{"exemplarCity":"Swift Current"},"Tegucigalpa":{"exemplarCity":"Tegucigalpa"},"Thule":{"exemplarCity":"Thule"},"Thunder_Bay":{"exemplarCity":"Thunder Bay"},"Tijuana":{"exemplarCity":"Tijuana"},"Toronto":{"exemplarCity":"Toronto"},"Tortola":{"exemplarCity":"Tortola"},"Vancouver":{"exemplarCity":"Vancouver"},"Whitehorse":{"exemplarCity":"Whitehorse"},"Winnipeg":{"exemplarCity":"Winnipeg"},"Yakutat":{"exemplarCity":"Yakutat"},"Yellowknife":{"exemplarCity":"Yellowknife"}},"Atlantic":{"Azores":{"exemplarCity":"Azore"},"Bermuda":{"exemplarCity":"Bermuda"},"Canary":{"exemplarCity":"Canare"},"Cape_Verde":{"exemplarCity":"Capul Verde"},"Faeroe":{"exemplarCity":"Faroe"},"Madeira":{"exemplarCity":"Madeira"},"Reykjavik":{"exemplarCity":"Reykjavik"},"South_Georgia":{"exemplarCity":"Georgia de Sud"},"St_Helena":{"exemplarCity":"Sf. Elena"},"Stanley":{"exemplarCity":"Stanley"}},"Europe":{"Amsterdam":{"exemplarCity":"Amsterdam"},"Andorra":{"exemplarCity":"Andorra"},"Athens":{"exemplarCity":"Atena"},"Belgrade":{"exemplarCity":"Belgrad"},"Berlin":{"exemplarCity":"Berlin"},"Bratislava":{"exemplarCity":"Bratislava"},"Brussels":{"exemplarCity":"Bruxelles"},"Bucharest":{"exemplarCity":"București"},"Budapest":{"exemplarCity":"Budapesta"},"Busingen":{"exemplarCity":"Busingen"},"Chisinau":{"exemplarCity":"Chișinău"},"Copenhagen":{"exemplarCity":"Copenhaga"},"Dublin":{"long":{"daylight":"Ora de vară a Irlandei"},"exemplarCity":"Dublin"},"Gibraltar":{"exemplarCity":"Gibraltar"},"Guernsey":{"exemplarCity":"Guernsey"},"Helsinki":{"exemplarCity":"Helsinki"},"Isle_of_Man":{"exemplarCity":"Insula Man"},"Istanbul":{"exemplarCity":"Istanbul"},"Jersey":{"exemplarCity":"Jersey"},"Kaliningrad":{"exemplarCity":"Kaliningrad"},"Kiev":{"exemplarCity":"Kiev"},"Lisbon":{"exemplarCity":"Lisabona"},"Ljubljana":{"exemplarCity":"Ljubljana"},"London":{"long":{"daylight":"Ora de vară britanică"},"exemplarCity":"Londra"},"Luxembourg":{"exemplarCity":"Luxemburg"},"Madrid":{"exemplarCity":"Madrid"},"Malta":{"exemplarCity":"Malta"},"Mariehamn":{"exemplarCity":"Mariehamn"},"Minsk":{"exemplarCity":"Minsk"},"Monaco":{"exemplarCity":"Monaco"},"Moscow":{"exemplarCity":"Moscova"},"Oslo":{"exemplarCity":"Oslo"},"Paris":{"exemplarCity":"Paris"},"Podgorica":{"exemplarCity":"Podgorica"},"Prague":{"exemplarCity":"Praga"},"Riga":{"exemplarCity":"Riga"},"Rome":{"exemplarCity":"Roma"},"Samara":{"exemplarCity":"Samara"},"San_Marino":{"exemplarCity":"San Marino"},"Sarajevo":{"exemplarCity":"Sarajevo"},"Simferopol":{"exemplarCity":"Simferopol"},"Skopje":{"exemplarCity":"Skopje"},"Sofia":{"exemplarCity":"Sofia"},"Stockholm":{"exemplarCity":"Stockholm"},"Tallinn":{"exemplarCity":"Tallinn"},"Tirane":{"exemplarCity":"Tirana"},"Uzhgorod":{"exemplarCity":"Ujhorod"},"Vaduz":{"exemplarCity":"Vaduz"},"Vatican":{"exemplarCity":"Vatican"},"Vienna":{"exemplarCity":"Viena"},"Vilnius":{"exemplarCity":"Vilnius"},"Volgograd":{"exemplarCity":"Volgograd"},"Warsaw":{"exemplarCity":"Varșovia"},"Zagreb":{"exemplarCity":"Zagreb"},"Zaporozhye":{"exemplarCity":"Zaporoje"},"Zurich":{"exemplarCity":"Zürich"}},"Africa":{"Abidjan":{"exemplarCity":"Abidjan"},"Accra":{"exemplarCity":"Accra"},"Addis_Ababa":{"exemplarCity":"Addis Abeba"},"Algiers":{"exemplarCity":"Alger"},"Asmera":{"exemplarCity":"Asmara"},"Bamako":{"exemplarCity":"Bamako"},"Bangui":{"exemplarCity":"Bangui"},"Banjul":{"exemplarCity":"Banjul"},"Bissau":{"exemplarCity":"Bissau"},"Blantyre":{"exemplarCity":"Blantyre"},"Brazzaville":{"exemplarCity":"Brazzaville"},"Bujumbura":{"exemplarCity":"Bujumbura"},"Cairo":{"exemplarCity":"Cairo"},"Casablanca":{"exemplarCity":"Casablanca"},"Ceuta":{"exemplarCity":"Ceuta"},"Conakry":{"exemplarCity":"Conakry"},"Dakar":{"exemplarCity":"Dakar"},"Dar_es_Salaam":{"exemplarCity":"Dar es Salaam"},"Djibouti":{"exemplarCity":"Djibouti"},"Douala":{"exemplarCity":"Douala"},"El_Aaiun":{"exemplarCity":"El Aaiun"},"Freetown":{"exemplarCity":"Freetown"},"Gaborone":{"exemplarCity":"Gaborone"},"Harare":{"exemplarCity":"Harare"},"Johannesburg":{"exemplarCity":"Johannesburg"},"Juba":{"exemplarCity":"Juba"},"Kampala":{"exemplarCity":"Kampala"},"Khartoum":{"exemplarCity":"Khartoum"},"Kigali":{"exemplarCity":"Kigali"},"Kinshasa":{"exemplarCity":"Kinshasa"},"Lagos":{"exemplarCity":"Lagos"},"Libreville":{"exemplarCity":"Libreville"},"Lome":{"exemplarCity":"Lome"},"Luanda":{"exemplarCity":"Luanda"},"Lubumbashi":{"exemplarCity":"Lubumbashi"},"Lusaka":{"exemplarCity":"Lusaka"},"Malabo":{"exemplarCity":"Malabo"},"Maputo":{"exemplarCity":"Maputo"},"Maseru":{"exemplarCity":"Maseru"},"Mbabane":{"exemplarCity":"Mbabane"},"Mogadishu":{"exemplarCity":"Mogadishu"},"Monrovia":{"exemplarCity":"Monrovia"},"Nairobi":{"exemplarCity":"Nairobi"},"Ndjamena":{"exemplarCity":"N’Djamena"},"Niamey":{"exemplarCity":"Niamey"},"Nouakchott":{"exemplarCity":"Nouakchott"},"Ouagadougou":{"exemplarCity":"Ouagadougou"},"Porto-Novo":{"exemplarCity":"Porto-Novo"},"Sao_Tome":{"exemplarCity":"São Tomé"},"Tripoli":{"exemplarCity":"Tripoli"},"Tunis":{"exemplarCity":"Tunis"},"Windhoek":{"exemplarCity":"Windhoek"}},"Asia":{"Aden":{"exemplarCity":"Aden"},"Almaty":{"exemplarCity":"Almatî"},"Amman":{"exemplarCity":"Amman"},"Anadyr":{"exemplarCity":"Anadir"},"Aqtau":{"exemplarCity":"Aktau"},"Aqtobe":{"exemplarCity":"Aktobe"},"Ashgabat":{"exemplarCity":"Așgabat"},"Baghdad":{"exemplarCity":"Bagdad"},"Bahrain":{"exemplarCity":"Bahrain"},"Baku":{"exemplarCity":"Baku"},"Bangkok":{"exemplarCity":"Bangkok"},"Beirut":{"exemplarCity":"Beirut"},"Bishkek":{"exemplarCity":"Bișkek"},"Brunei":{"exemplarCity":"Brunei"},"Calcutta":{"exemplarCity":"Calcutta"},"Chita":{"exemplarCity":"Chita"},"Choibalsan":{"exemplarCity":"Choibalsan"},"Colombo":{"exemplarCity":"Colombo"},"Damascus":{"exemplarCity":"Damasc"},"Dhaka":{"exemplarCity":"Dacca"},"Dili":{"exemplarCity":"Dili"},"Dubai":{"exemplarCity":"Dubai"},"Dushanbe":{"exemplarCity":"Dușanbe"},"Gaza":{"exemplarCity":"Gaza"},"Hebron":{"exemplarCity":"Hebron"},"Hong_Kong":{"exemplarCity":"Hong Kong"},"Hovd":{"exemplarCity":"Hovd"},"Irkutsk":{"exemplarCity":"Irkuțk"},"Jakarta":{"exemplarCity":"Jakarta"},"Jayapura":{"exemplarCity":"Jayapura"},"Jerusalem":{"exemplarCity":"Ierusalim"},"Kabul":{"exemplarCity":"Kabul"},"Kamchatka":{"exemplarCity":"Kamciatka"},"Karachi":{"exemplarCity":"Karachi"},"Katmandu":{"exemplarCity":"Kathmandu"},"Khandyga":{"exemplarCity":"Khandyga"},"Krasnoyarsk":{"exemplarCity":"Krasnoiarsk"},"Kuala_Lumpur":{"exemplarCity":"Kuala Lumpur"},"Kuching":{"exemplarCity":"Kuching"},"Kuwait":{"exemplarCity":"Kuweit"},"Macau":{"exemplarCity":"Macao"},"Magadan":{"exemplarCity":"Magadan"},"Makassar":{"exemplarCity":"Makassar"},"Manila":{"exemplarCity":"Manila"},"Muscat":{"exemplarCity":"Muscat"},"Nicosia":{"exemplarCity":"Nicosia"},"Novokuznetsk":{"exemplarCity":"Novokuznețk"},"Novosibirsk":{"exemplarCity":"Novosibirsk"},"Omsk":{"exemplarCity":"Omsk"},"Oral":{"exemplarCity":"Uralsk"},"Phnom_Penh":{"exemplarCity":"Phnom Penh"},"Pontianak":{"exemplarCity":"Pontianak"},"Pyongyang":{"exemplarCity":"Phenian"},"Qatar":{"exemplarCity":"Qatar"},"Qyzylorda":{"exemplarCity":"Kyzylorda"},"Rangoon":{"exemplarCity":"Yangon"},"Riyadh":{"exemplarCity":"Riad"},"Saigon":{"exemplarCity":"Ho Și Min"},"Sakhalin":{"exemplarCity":"Sahalin"},"Samarkand":{"exemplarCity":"Samarkand"},"Seoul":{"exemplarCity":"Seul"},"Shanghai":{"exemplarCity":"Shanghai"},"Singapore":{"exemplarCity":"Singapore"},"Srednekolymsk":{"exemplarCity":"Srednekolymsk"},"Taipei":{"exemplarCity":"Taipei"},"Tashkent":{"exemplarCity":"Tașkent"},"Tbilisi":{"exemplarCity":"Tbilisi"},"Tehran":{"exemplarCity":"Teheran"},"Thimphu":{"exemplarCity":"Thimphu"},"Tokyo":{"exemplarCity":"Tokyo"},"Ulaanbaatar":{"exemplarCity":"Ulan Bator"},"Urumqi":{"exemplarCity":"Urumqi"},"Ust-Nera":{"exemplarCity":"Ust-Nera"},"Vientiane":{"exemplarCity":"Vientiane"},"Vladivostok":{"exemplarCity":"Vladivostok"},"Yakutsk":{"exemplarCity":"Yakuțk"},"Yekaterinburg":{"exemplarCity":"Ekaterinburg"},"Yerevan":{"exemplarCity":"Erevan"}},"Indian":{"Antananarivo":{"exemplarCity":"Antananarivo"},"Chagos":{"exemplarCity":"Chagos"},"Christmas":{"exemplarCity":"Insula Crăciunului"},"Cocos":{"exemplarCity":"Cocos"},"Comoro":{"exemplarCity":"Comore"},"Kerguelen":{"exemplarCity":"Kerguelen"},"Mahe":{"exemplarCity":"Mahe"},"Maldives":{"exemplarCity":"Maldive"},"Mauritius":{"exemplarCity":"Mauritius"},"Mayotte":{"exemplarCity":"Mayotte"},"Reunion":{"exemplarCity":"Réunion"}},"Australia":{"Adelaide":{"exemplarCity":"Adelaide"},"Brisbane":{"exemplarCity":"Brisbane"},"Broken_Hill":{"exemplarCity":"Broken Hill"},"Currie":{"exemplarCity":"Currie"},"Darwin":{"exemplarCity":"Darwin"},"Eucla":{"exemplarCity":"Eucla"},"Hobart":{"exemplarCity":"Hobart"},"Lindeman":{"exemplarCity":"Lindeman"},"Lord_Howe":{"exemplarCity":"Lord Howe"},"Melbourne":{"exemplarCity":"Melbourne"},"Perth":{"exemplarCity":"Perth"},"Sydney":{"exemplarCity":"Sydney"}},"Pacific":{"Apia":{"exemplarCity":"Apia"},"Auckland":{"exemplarCity":"Auckland"},"Bougainville":{"exemplarCity":"Bougainville"},"Chatham":{"exemplarCity":"Chatham"},"Easter":{"exemplarCity":"Insula Paștelui"},"Efate":{"exemplarCity":"Efate"},"Enderbury":{"exemplarCity":"Enderbury"},"Fakaofo":{"exemplarCity":"Fakaofo"},"Fiji":{"exemplarCity":"Fiji"},"Funafuti":{"exemplarCity":"Funafuti"},"Galapagos":{"exemplarCity":"Galapagos"},"Gambier":{"exemplarCity":"Gambier"},"Guadalcanal":{"exemplarCity":"Guadalcanal"},"Guam":{"exemplarCity":"Guam"},"Honolulu":{"exemplarCity":"Honolulu"},"Johnston":{"exemplarCity":"Johnston"},"Kiritimati":{"exemplarCity":"Kiritimati"},"Kosrae":{"exemplarCity":"Kosrae"},"Kwajalein":{"exemplarCity":"Kwajalein"},"Majuro":{"exemplarCity":"Majuro"},"Marquesas":{"exemplarCity":"Marchize"},"Midway":{"exemplarCity":"Midway"},"Nauru":{"exemplarCity":"Nauru"},"Niue":{"exemplarCity":"Niue"},"Norfolk":{"exemplarCity":"Norfolk"},"Noumea":{"exemplarCity":"Noumea"},"Pago_Pago":{"exemplarCity":"Pago Pago"},"Palau":{"exemplarCity":"Palau"},"Pitcairn":{"exemplarCity":"Insula Pitcairn"},"Ponape":{"exemplarCity":"Pohnpei"},"Port_Moresby":{"exemplarCity":"Port Moresby"},"Rarotonga":{"exemplarCity":"Rarotonga"},"Saipan":{"exemplarCity":"Saipan"},"Tahiti":{"exemplarCity":"Tahiti"},"Tarawa":{"exemplarCity":"Tarawa"},"Tongatapu":{"exemplarCity":"Tongatapu"},"Truk":{"exemplarCity":"Chuuk"},"Wake":{"exemplarCity":"Wake"},"Wallis":{"exemplarCity":"Wallis"}},"Arctic":{"Longyearbyen":{"exemplarCity":"Longyearbyen"}},"Antarctica":{"Casey":{"exemplarCity":"Casey"},"Davis":{"exemplarCity":"Davis"},"DumontDUrville":{"exemplarCity":"Dumont d’Urville"},"Macquarie":{"exemplarCity":"Macquarie"},"Mawson":{"exemplarCity":"Mawson"},"McMurdo":{"exemplarCity":"McMurdo"},"Palmer":{"exemplarCity":"Palmer"},"Rothera":{"exemplarCity":"Rothera"},"Syowa":{"exemplarCity":"Showa"},"Troll":{"exemplarCity":"Troll"},"Vostok":{"exemplarCity":"Vostok"}},"Etc":{"GMT":{"exemplarCity":"GMT"},"GMT1":{"exemplarCity":"GMT+1"},"GMT10":{"exemplarCity":"GMT+10"},"GMT11":{"exemplarCity":"GMT+11"},"GMT12":{"exemplarCity":"GMT+12"},"GMT2":{"exemplarCity":"GMT+2"},"GMT3":{"exemplarCity":"GMT+3"},"GMT4":{"exemplarCity":"GMT+4"},"GMT5":{"exemplarCity":"GMT+5"},"GMT6":{"exemplarCity":"GMT+6"},"GMT7":{"exemplarCity":"GMT+7"},"GMT8":{"exemplarCity":"GMT+8"},"GMT9":{"exemplarCity":"GMT+9"},"GMT-1":{"exemplarCity":"GMT-1"},"GMT-10":{"exemplarCity":"GMT-10"},"GMT-11":{"exemplarCity":"GMT-11"},"GMT-12":{"exemplarCity":"GMT-12"},"GMT-13":{"exemplarCity":"GMT-13"},"GMT-14":{"exemplarCity":"GMT-14"},"GMT-2":{"exemplarCity":"GMT-2"},"GMT-3":{"exemplarCity":"GMT-3"},"GMT-4":{"exemplarCity":"GMT-4"},"GMT-5":{"exemplarCity":"GMT-5"},"GMT-6":{"exemplarCity":"GMT-6"},"GMT-7":{"exemplarCity":"GMT-7"},"GMT-8":{"exemplarCity":"GMT-8"},"GMT-9":{"exemplarCity":"GMT-9"},"Unknown":{"exemplarCity":"Oraș necunoscut"}}},"metazone":{"Acre":{"long":{"generic":"Ora Acre","standard":"Ora standard Acre","daylight":"Ora de vară Acre"}},"Afghanistan":{"long":{"standard":"Ora Afganistanului"}},"Africa_Central":{"long":{"standard":"Ora Africii Centrale"}},"Africa_Eastern":{"long":{"standard":"Ora Africii Orientale"}},"Africa_Southern":{"long":{"standard":"Ora Africii Meridionale"}},"Africa_Western":{"long":{"generic":"Ora Africii Occidentale","standard":"Ora standard a Africii Occidentale","daylight":"Ora de vară a Africii Occidentale"}},"Alaska":{"long":{"generic":"Ora din Alaska","standard":"Ora standard din Alaska","daylight":"Ora de vară din Alaska"}},"Almaty":{"long":{"generic":"Ora Almaty","standard":"Ora standard Almaty","daylight":"Ora de vară Almaty"}},"Amazon":{"long":{"generic":"Ora Amazonului","standard":"Ora standard a Amazonului","daylight":"Ora de vară a Amazonului"}},"America_Central":{"long":{"generic":"Ora centrală nord-americană","standard":"Ora standard centrală nord-americană","daylight":"Ora de vară centrală nord-americană"}},"America_Eastern":{"long":{"generic":"Ora orientală nord-americană","standard":"Ora standard orientală nord-americană","daylight":"Ora de vară orientală nord-americană"}},"America_Mountain":{"long":{"generic":"Ora zonei montane nord-americane","standard":"Ora standard în zona montană nord-americană","daylight":"Ora de vară în zona montană nord-americană"}},"America_Pacific":{"long":{"generic":"Ora zonei Pacific nord-americane","standard":"Ora standard în zona Pacific nord-americană","daylight":"Ora de vară în zona Pacific nord-americană"}},"Anadyr":{"long":{"generic":"Ora din Anadyr","standard":"Ora standard din Anadyr","daylight":"Ora de vară din Anadyr"}},"Apia":{"long":{"generic":"Ora din Apia","standard":"Ora standard din Apia","daylight":"Ora de vară din Apia"}},"Aqtau":{"long":{"generic":"Ora Aqtau","standard":"Ora standard Aqtau","daylight":"Ora de vară a zonei Aqtau"}},"Aqtobe":{"long":{"generic":"Ora Aqtobe","standard":"Ora standard Aqtobe","daylight":"Ora de vară a zonei Aqtobe"}},"Arabian":{"long":{"generic":"Ora arabă","standard":"Ora standard arabă","daylight":"Ora de vară arabă"}},"Argentina":{"long":{"generic":"Ora Argentinei","standard":"Ora standard a Argentinei","daylight":"Ora de vară a Argentinei"}},"Argentina_Western":{"long":{"generic":"Ora Argentinei Occidentale","standard":"Ora standard a Argentinei Occidentale","daylight":"Ora de vară a Argentinei Occidentale"}},"Armenia":{"long":{"generic":"Ora Armeniei","standard":"Ora standard a Armeniei","daylight":"Ora de vară a Armeniei"}},"Atlantic":{"long":{"generic":"Ora zonei Atlantic nord-americane","standard":"Ora standard în zona Atlantic nord-americană","daylight":"Ora de vară în zona Atlantic nord-americană"}},"Australia_Central":{"long":{"generic":"Ora Australiei Centrale","standard":"Ora standard a Australiei Centrale","daylight":"Ora de vară a Australiei Centrale"}},"Australia_CentralWestern":{"long":{"generic":"Ora Australiei Central Occidentale","standard":"Ora standard a Australiei Central Occidentale","daylight":"Ora de vară a Australiei Central Occidentale"}},"Australia_Eastern":{"long":{"generic":"Ora Australiei Orientale","standard":"Ora standard a Australiei Orientale","daylight":"Ora de vară a Australiei Orientale"}},"Australia_Western":{"long":{"generic":"Ora Australiei Occidentale","standard":"Ora standard a Australiei Occidentale","daylight":"Ora de vară a Australiei Occidentale"}},"Azerbaijan":{"long":{"generic":"Ora Azerbaidjanului","standard":"Ora standard a Azerbaidjanului","daylight":"Ora de vară a Azerbaidjanului"}},"Azores":{"long":{"generic":"Ora din Azore","standard":"Ora standard din Azore","daylight":"Ora de vară din Azore"}},"Bangladesh":{"long":{"generic":"Ora din Bangladesh","standard":"Ora standard din Bangladesh","daylight":"Ora de vară din Bangladesh"}},"Bhutan":{"long":{"standard":"Ora Bhutanului"}},"Bolivia":{"long":{"standard":"Ora Boliviei"}},"Brasilia":{"long":{"generic":"Ora Brasiliei","standard":"Ora standard a Brasiliei","daylight":"Ora de vară a Brasiliei"}},"Brunei":{"long":{"standard":"Ora din Brunei Darussalam"}},"Cape_Verde":{"long":{"generic":"Ora din Capul Verde","standard":"Ora standard din Capul Verde","daylight":"Ora de vară din Capul Verde"}},"Chamorro":{"long":{"standard":"Ora din Chamorro"}},"Chatham":{"long":{"generic":"Ora din Chatham","standard":"Ora standard din Chatham","daylight":"Ora de vară din Chatham"}},"Chile":{"long":{"generic":"Ora din Chile","standard":"Ora standard din Chile","daylight":"Ora de vară din Chile"}},"China":{"long":{"generic":"Ora Chinei","standard":"Ora standard a Chinei","daylight":"Ora de vară a Chinei"}},"Choibalsan":{"long":{"generic":"Ora din Choibalsan","standard":"Ora standard din Choibalsan","daylight":"Ora de vară din Choibalsan"}},"Christmas":{"long":{"standard":"Ora din Insula Christmas"}},"Cocos":{"long":{"standard":"Ora Insulelor Cocos"}},"Colombia":{"long":{"generic":"Ora Columbiei","standard":"Ora standard a Columbiei","daylight":"Ora de vară a Columbiei"}},"Cook":{"long":{"generic":"Ora Insulelor Cook","standard":"Ora standard a Insulelor Cook","daylight":"Ora de vară a Insulelor Cook"}},"Cuba":{"long":{"generic":"Ora Cubei","standard":"Ora standard a Cubei","daylight":"Ora de vară a Cubei"}},"Davis":{"long":{"standard":"Ora din Davis"}},"DumontDUrville":{"long":{"standard":"Ora din Dumont-d’Urville"}},"East_Timor":{"long":{"standard":"Ora Timorului de Est"}},"Easter":{"long":{"generic":"Ora din Insula Paștelui","standard":"Ora standard din Insula Paștelui","daylight":"Ora de vară din Insula Paștelui"}},"Ecuador":{"long":{"standard":"Ora Ecuadorului"}},"Europe_Central":{"long":{"generic":"Ora Europei Centrale","standard":"Ora standard a Europei Centrale","daylight":"Ora de vară a Europei Centrale"},"short":{"generic":"CET","standard":"CET","daylight":"CEST"}},"Europe_Eastern":{"long":{"generic":"Ora Europei de Est","standard":"Ora standard a Europei de Est","daylight":"Ora de vară a Europei de Est"},"short":{"generic":"EET","standard":"EET","daylight":"EEST"}},"Europe_Further_Eastern":{"long":{"standard":"Ora Europei de Est îndepărtate"}},"Europe_Western":{"long":{"generic":"Ora Europei de Vest","standard":"Ora standard a Europei de Vest","daylight":"Ora de vară a Europei de Vest"},"short":{"generic":"WET","standard":"WET","daylight":"WEST"}},"Falkland":{"long":{"generic":"Ora din Insulele Falkland","standard":"Ora standard din Insulele Falkland","daylight":"Ora de vară din Insulele Falkland"}},"Fiji":{"long":{"generic":"Ora din Fiji","standard":"Ora standard din Fiji","daylight":"Ora de vară din Fiji"}},"French_Guiana":{"long":{"standard":"Ora Guianei Franceze"}},"French_Southern":{"long":{"standard":"Ora din Teritoriile Australe și Antarctice Franceze"}},"GMT":{"long":{"standard":"Ora de Greenwhich"},"short":{"standard":"GMT"}},"Galapagos":{"long":{"standard":"Ora din Galapagos"}},"Gambier":{"long":{"standard":"Ora din Gambier"}},"Georgia":{"long":{"generic":"Ora Georgiei","standard":"Ora standard a Georgiei","daylight":"Ora de vară a Georgiei"}},"Gilbert_Islands":{"long":{"standard":"Ora Insulelor Gilbert"}},"Greenland_Eastern":{"long":{"generic":"Ora Groenlandei orientale","standard":"Ora standard a Groenlandei orientale","daylight":"Ora de vară a Groenlandei orientale"}},"Greenland_Western":{"long":{"generic":"Ora Groenlandei occidentale","standard":"Ora standard a Groenlandei occidentale","daylight":"Ora de vară a Groenlandei occidentale"}},"Gulf":{"long":{"standard":"Ora standard a Golfului"}},"Guyana":{"long":{"standard":"Ora din Guyana"}},"Hawaii_Aleutian":{"long":{"generic":"Ora din Hawaii-Aleutine","standard":"Ora standard din Hawaii-Aleutine","daylight":"Ora de vară din Hawaii-Aleutine"}},"Hong_Kong":{"long":{"generic":"Ora din Hong Kong","standard":"Ora standard din Hong Kong","daylight":"Ora de vară din Hong Kong"}},"Hovd":{"long":{"generic":"Ora din Hovd","standard":"Ora standard din Hovd","daylight":"Ora de vară din Hovd"}},"India":{"long":{"standard":"Ora Indiei"}},"Indian_Ocean":{"long":{"standard":"Ora Oceanului Indian"}},"Indochina":{"long":{"standard":"Ora Indochinei"}},"Indonesia_Central":{"long":{"standard":"Ora Indoneziei Centrale"}},"Indonesia_Eastern":{"long":{"standard":"Ora Indoneziei de Est"}},"Indonesia_Western":{"long":{"standard":"Ora Indoneziei de Vest"}},"Iran":{"long":{"generic":"Ora Iranului","standard":"Ora standard a Iranului","daylight":"Ora de vară a Iranului"}},"Irkutsk":{"long":{"generic":"Ora din Irkuțk","standard":"Ora standard din Irkuțk","daylight":"Ora de vară din Irkuțk"}},"Israel":{"long":{"generic":"Ora Israelului","standard":"Ora standard a Israelului","daylight":"Ora de vară a Israelului"}},"Japan":{"long":{"generic":"Ora Japoniei","standard":"Ora standard a Japoniei","daylight":"Ora de vară a Japoniei"}},"Kamchatka":{"long":{"generic":"Ora din Petropavlovsk-Kamciațki","standard":"Ora standard din Petropavlovsk-Kamciațki","daylight":"Ora de vară din Petropavlovsk-Kamciațki"}},"Kazakhstan_Eastern":{"long":{"standard":"Ora din Kazahstanul de Est"}},"Kazakhstan_Western":{"long":{"standard":"Ora din Kazahstanul de Vest"}},"Korea":{"long":{"generic":"Ora Coreei","standard":"Ora standard a Coreei","daylight":"Ora de vară a Coreei"}},"Kosrae":{"long":{"standard":"Ora din Kosrae"}},"Krasnoyarsk":{"long":{"generic":"Ora din Krasnoiarsk","standard":"Ora standard din Krasnoiarsk","daylight":"Ora de vară din Krasnoiarsk"}},"Kyrgystan":{"long":{"standard":"Ora din Kârgâzstan"}},"Line_Islands":{"long":{"standard":"Ora din Insulele Line"}},"Lord_Howe":{"long":{"generic":"Ora din Lord Howe","standard":"Ora standard din Lord Howe","daylight":"Ora de vară din Lord Howe"}},"Macquarie":{"long":{"standard":"Ora din Macquarie"}},"Magadan":{"long":{"generic":"Ora din Magadan","standard":"Ora standard din Magadan","daylight":"Ora de vară din Magadan"}},"Malaysia":{"long":{"standard":"Ora din Malaysia"}},"Maldives":{"long":{"standard":"Ora din Maldive"}},"Marquesas":{"long":{"standard":"Ora Insulelor Marchize"}},"Marshall_Islands":{"long":{"standard":"Ora Insulelor Marshall"}},"Mauritius":{"long":{"generic":"Ora din Mauritius","standard":"Ora standard din Mauritius","daylight":"Ora de vară din Mauritius"}},"Mawson":{"long":{"standard":"Ora din Mawson"}},"Mexico_Northwest":{"long":{"generic":"Ora Mexicului de nord-vest","standard":"Ora standard a Mexicului de nord-vest","daylight":"Ora de vară a Mexicului de nord-vest"}},"Mexico_Pacific":{"long":{"generic":"Ora zonei Pacific mexicane","standard":"Ora standard a zonei Pacific mexicane","daylight":"Ora de vară a zonei Pacific mexicane"}},"Mongolia":{"long":{"generic":"Ora din Ulan Bator","standard":"Ora standard din Ulan Bator","daylight":"Ora de vară din Ulan Bator"}},"Moscow":{"long":{"generic":"Ora Moscovei","standard":"Ora standard a Moscovei","daylight":"Ora de vară a Moscovei"}},"Myanmar":{"long":{"standard":"Ora Myanmarului"}},"Nauru":{"long":{"standard":"Ora din Nauru"}},"Nepal":{"long":{"standard":"Ora Nepalului"}},"New_Caledonia":{"long":{"generic":"Ora Noii Caledonii","standard":"Ora standard a Noii Caledonii","daylight":"Ora de vară a Noii Caledonii"}},"New_Zealand":{"long":{"generic":"Ora Noii Zeelande","standard":"Ora standard a Noii Zeelande","daylight":"Ora de vară a Noii Zeelande"}},"Newfoundland":{"long":{"generic":"Ora din Newfoundland","standard":"Ora standard din Newfoundland","daylight":"Ora de vară din Newfoundland"}},"Niue":{"long":{"standard":"Ora din Niue"}},"Norfolk":{"long":{"standard":"Ora Insulelor Norfolk"}},"Noronha":{"long":{"generic":"Ora din Fernando de Noronha","standard":"Ora standard din Fernando de Noronha","daylight":"Ora de vară din Fernando de Noronha"}},"Novosibirsk":{"long":{"generic":"Ora din Novosibirsk","standard":"Ora standard din Novosibirsk","daylight":"Ora de vară din Novosibirsk"}},"Omsk":{"long":{"generic":"Ora din Omsk","standard":"Ora standard din Omsk","daylight":"Ora de vară din Omsk"}},"Pakistan":{"long":{"generic":"Ora Pakistanului","standard":"Ora standard a Pakistanului","daylight":"Ora de vară a Pakistanului"}},"Palau":{"long":{"standard":"Ora din Palau"}},"Papua_New_Guinea":{"long":{"standard":"Ora din Papua Noua Guinee"}},"Paraguay":{"long":{"generic":"Ora din Paraguay","standard":"Ora standard din Paraguay","daylight":"Ora de vară din Paraguay"}},"Peru":{"long":{"generic":"Ora din Peru","standard":"Ora standard din Peru","daylight":"Ora de vară din Peru"}},"Philippines":{"long":{"generic":"Ora din Filipine","standard":"Ora standard din Filipine","daylight":"Ora de vară din Filipine"}},"Phoenix_Islands":{"long":{"standard":"Ora Insulelor Phoenix"}},"Pierre_Miquelon":{"long":{"generic":"Ora din Saint-Pierre și Miquelon","standard":"Ora standard din Saint-Pierre și Miquelon","daylight":"Ora de vară din Saint-Pierre și Miquelon"}},"Pitcairn":{"long":{"standard":"Ora din Pitcairn"}},"Ponape":{"long":{"standard":"Ora din Ponape"}},"Reunion":{"long":{"standard":"Ora din Reunion"}},"Rothera":{"long":{"standard":"Ora din Rothera"}},"Sakhalin":{"long":{"generic":"Ora din Sahalin","standard":"Ora standard din Sahalin","daylight":"Ora de vară din Sahalin"}},"Samara":{"long":{"generic":"Ora din Samara","standard":"Ora standard din Samara","daylight":"Ora de vară din Samara"}},"Samoa":{"long":{"generic":"Ora din Samoa","standard":"Ora standard din Samoa","daylight":"Ora de vară din Samoa"}},"Seychelles":{"long":{"standard":"Ora din Seychelles"}},"Singapore":{"long":{"standard":"Ora din Singapore"}},"Solomon":{"long":{"standard":"Ora Insulelor Solomon"}},"South_Georgia":{"long":{"standard":"Ora Georgiei de Sud"}},"Suriname":{"long":{"standard":"Ora Surinamului"}},"Syowa":{"long":{"standard":"Ora din Syowa"}},"Tahiti":{"long":{"standard":"Ora din Tahiti"}},"Taipei":{"long":{"generic":"Ora din Taipei","standard":"Ora standard din Taipei","daylight":"Ora de vară din Taipei"}},"Tajikistan":{"long":{"standard":"Ora din Tadjikistan"}},"Tokelau":{"long":{"standard":"Ora din Tokelau"}},"Tonga":{"long":{"generic":"Ora din Tonga","standard":"Ora standard din Tonga","daylight":"Ora de vară din Tonga"}},"Truk":{"long":{"standard":"Ora din Chuuk"}},"Turkmenistan":{"long":{"generic":"Ora din Turkmenistan","standard":"Ora standard din Turkmenistan","daylight":"Ora de vară din Turkmenistan"}},"Tuvalu":{"long":{"standard":"Ora din Tuvalu"}},"Uruguay":{"long":{"generic":"Ora Uruguayului","standard":"Ora standard a Uruguayului","daylight":"Ora de vară a Uruguayului"}},"Uzbekistan":{"long":{"generic":"Ora din Uzbekistan","standard":"Ora standard din Uzbekistan","daylight":"Ora de vară din Uzbekistan"}},"Vanuatu":{"long":{"generic":"Ora din Vanuatu","standard":"Ora standard din Vanuatu","daylight":"Ora de vară din Vanuatu"}},"Venezuela":{"long":{"standard":"Ora Venezuelei"}},"Vladivostok":{"long":{"generic":"Ora din Vladivostok","standard":"Ora standard din Vladivostok","daylight":"Ora de vară din Vladivostok"}},"Volgograd":{"long":{"generic":"Ora din Volgograd","standard":"Ora standard din Volgograd","daylight":"Ora de vară din Volgograd"}},"Vostok":{"long":{"standard":"Ora din Vostok"}},"Wake":{"long":{"standard":"Ora Insulei Wake"}},"Wallis":{"long":{"standard":"Ora din Wallis și Futuna"}},"Yakutsk":{"long":{"generic":"Ora din Yakuțk","standard":"Ora standard din Yakuțk","daylight":"Ora de vară din Yakuțk"}},"Yekaterinburg":{"long":{"generic":"Ora din Ekaterinburg","standard":"Ora standard din Ekaterinburg","daylight":"Ora de vară din Ekaterinburg"}}}}