{"hourFormat":"+HH:mm;-HH:mm","gmtFormat":"GMT%1$s","gmtZeroFormat":"GMT","regionFormat":"%1$s时间","regionFormat-type-standard":"%1$s标准时间","regionFormat-type-daylight":"%1$s夏令时间","fallbackFormat":"%2$s（%1$s）","zone":{"America":{"Adak":{"exemplarCity":"埃达克"},"Anchorage":{"exemplarCity":"安克雷奇"},"Anguilla":{"exemplarCity":"安圭拉"},"Antigua":{"exemplarCity":"安提瓜"},"Araguaina":{"exemplarCity":"阿拉瓜伊纳"},"Argentina":{"La_Rioja":{"exemplarCity":"拉里奥哈"},"Rio_Gallegos":{"exemplarCity":"里奥加耶戈斯"},"Salta":{"exemplarCity":"萨尔塔"},"San_Juan":{"exemplarCity":"圣胡安"},"San_Luis":{"exemplarCity":"圣路易斯"},"Tucuman":{"exemplarCity":"图库曼"},"Ushuaia":{"exemplarCity":"乌斯怀亚"}},"Aruba":{"exemplarCity":"阿鲁巴"},"Asuncion":{"exemplarCity":"亚松森"},"Bahia":{"exemplarCity":"巴伊亚"},"Bahia_Banderas":{"exemplarCity":"巴伊亚班德拉斯"},"Barbados":{"exemplarCity":"巴巴多斯"},"Belem":{"exemplarCity":"贝伦"},"Belize":{"exemplarCity":"伯利兹"},"Blanc-Sablon":{"exemplarCity":"布兰克萨布隆"},"Boa_Vista":{"exemplarCity":"博阿维斯塔"},"Bogota":{"exemplarCity":"波哥大"},"Boise":{"exemplarCity":"博伊西"},"Buenos_Aires":{"exemplarCity":"布宜诺斯艾利斯"},"Cambridge_Bay":{"exemplarCity":"剑桥湾"},"Campo_Grande":{"exemplarCity":"大坎普"},"Cancun":{"exemplarCity":"坎昆"},"Caracas":{"exemplarCity":"加拉加斯"},"Catamarca":{"exemplarCity":"卡塔马卡"},"Cayenne":{"exemplarCity":"卡宴"},"Cayman":{"exemplarCity":"开曼"},"Chicago":{"exemplarCity":"芝加哥"},"Chihuahua":{"exemplarCity":"奇瓦瓦"},"Coral_Harbour":{"exemplarCity":"阿蒂科肯"},"Cordoba":{"exemplarCity":"科尔多瓦"},"Costa_Rica":{"exemplarCity":"哥斯达黎加"},"Creston":{"exemplarCity":"克雷斯顿"},"Cuiaba":{"exemplarCity":"库亚巴"},"Curacao":{"exemplarCity":"库拉索"},"Danmarkshavn":{"exemplarCity":"丹马沙文"},"Dawson":{"exemplarCity":"道森"},"Dawson_Creek":{"exemplarCity":"道森克里克"},"Denver":{"exemplarCity":"丹佛"},"Detroit":{"exemplarCity":"底特律"},"Dominica":{"exemplarCity":"多米尼加"},"Edmonton":{"exemplarCity":"埃德蒙顿"},"Eirunepe":{"exemplarCity":"依伦尼贝"},"El_Salvador":{"exemplarCity":"萨尔瓦多"},"Fortaleza":{"exemplarCity":"福塔雷萨"},"Glace_Bay":{"exemplarCity":"格莱斯贝"},"Godthab":{"exemplarCity":"戈特霍布"},"Goose_Bay":{"exemplarCity":"古斯湾"},"Grand_Turk":{"exemplarCity":"大特克"},"Grenada":{"exemplarCity":"格林纳达"},"Guadeloupe":{"exemplarCity":"瓜德罗普"},"Guatemala":{"exemplarCity":"危地马拉"},"Guayaquil":{"exemplarCity":"瓜亚基尔"},"Guyana":{"exemplarCity":"圭亚那"},"Halifax":{"exemplarCity":"哈利法克斯"},"Havana":{"exemplarCity":"哈瓦那"},"Hermosillo":{"exemplarCity":"埃莫西约"},"Indiana":{"Knox":{"exemplarCity":"印第安纳州诺克斯"},"Marengo":{"exemplarCity":"印第安纳州马伦戈"},"Petersburg":{"exemplarCity":"印第安纳州彼得斯堡"},"Tell_City":{"exemplarCity":"印第安纳州特尔城"},"Vevay":{"exemplarCity":"印第安纳州维维市"},"Vincennes":{"exemplarCity":"印第安纳州温森斯"},"Winamac":{"exemplarCity":"印第安纳州威纳马克"}},"Indianapolis":{"exemplarCity":"印第安纳波利斯"},"Inuvik":{"exemplarCity":"伊努维克"},"Iqaluit":{"exemplarCity":"伊魁特"},"Jamaica":{"exemplarCity":"牙买加"},"Jujuy":{"exemplarCity":"胡胡伊"},"Juneau":{"exemplarCity":"朱诺"},"Kentucky":{"Monticello":{"exemplarCity":"肯塔基州蒙蒂塞洛"}},"Kralendijk":{"exemplarCity":"克拉伦代克"},"La_Paz":{"exemplarCity":"拉巴斯"},"Lima":{"exemplarCity":"利马"},"Los_Angeles":{"exemplarCity":"洛杉矶"},"Louisville":{"exemplarCity":"路易斯维尔"},"Lower_Princes":{"exemplarCity":"下太子区"},"Maceio":{"exemplarCity":"马塞约"},"Managua":{"exemplarCity":"马那瓜"},"Manaus":{"exemplarCity":"马瑙斯"},"Marigot":{"exemplarCity":"马里戈特"},"Martinique":{"exemplarCity":"马提尼克"},"Matamoros":{"exemplarCity":"马塔莫罗斯"},"Mazatlan":{"exemplarCity":"马萨特兰"},"Mendoza":{"exemplarCity":"门多萨"},"Menominee":{"exemplarCity":"梅诺米尼"},"Merida":{"exemplarCity":"梅里达"},"Metlakatla":{"exemplarCity":"梅特拉卡特拉"},"Mexico_City":{"exemplarCity":"墨西哥城"},"Miquelon":{"exemplarCity":"密克隆"},"Moncton":{"exemplarCity":"蒙克顿"},"Monterrey":{"exemplarCity":"蒙特雷"},"Montevideo":{"exemplarCity":"蒙得维的亚"},"Montserrat":{"exemplarCity":"蒙特塞拉特"},"Nassau":{"exemplarCity":"拿骚"},"New_York":{"exemplarCity":"纽约"},"Nipigon":{"exemplarCity":"尼皮贡"},"Nome":{"exemplarCity":"诺姆"},"Noronha":{"exemplarCity":"洛罗尼亚"},"North_Dakota":{"Beulah":{"exemplarCity":"北达科他州比尤拉"},"Center":{"exemplarCity":"北达科他州申特"},"New_Salem":{"exemplarCity":"北达科他州新塞勒姆"}},"Ojinaga":{"exemplarCity":"奥希纳加"},"Panama":{"exemplarCity":"巴拿马"},"Pangnirtung":{"exemplarCity":"旁涅唐"},"Paramaribo":{"exemplarCity":"帕拉马里博"},"Phoenix":{"exemplarCity":"凤凰城"},"Port-au-Prince":{"exemplarCity":"太子港"},"Port_of_Spain":{"exemplarCity":"西班牙港"},"Porto_Velho":{"exemplarCity":"波多韦柳"},"Puerto_Rico":{"exemplarCity":"波多黎各"},"Rainy_River":{"exemplarCity":"雷尼河"},"Rankin_Inlet":{"exemplarCity":"兰今湾"},"Recife":{"exemplarCity":"累西腓"},"Regina":{"exemplarCity":"里贾纳"},"Resolute":{"exemplarCity":"雷索卢特"},"Rio_Branco":{"exemplarCity":"里奥布郎库"},"Santa_Isabel":{"exemplarCity":"圣伊萨贝尔"},"Santarem":{"exemplarCity":"圣塔伦"},"Santiago":{"exemplarCity":"圣地亚哥"},"Santo_Domingo":{"exemplarCity":"圣多明各"},"Sao_Paulo":{"exemplarCity":"圣保罗"},"Scoresbysund":{"exemplarCity":"斯科列斯比桑德"},"Sitka":{"exemplarCity":"锡特卡"},"St_Barthelemy":{"exemplarCity":"圣巴泰勒米岛"},"St_Johns":{"exemplarCity":"圣约翰斯"},"St_Kitts":{"exemplarCity":"圣基茨"},"St_Lucia":{"exemplarCity":"圣卢西亚"},"St_Thomas":{"exemplarCity":"圣托马斯"},"St_Vincent":{"exemplarCity":"圣文森特"},"Swift_Current":{"exemplarCity":"斯威夫特卡伦特"},"Tegucigalpa":{"exemplarCity":"特古西加尔巴"},"Thule":{"exemplarCity":"图勒"},"Thunder_Bay":{"exemplarCity":"桑德贝"},"Tijuana":{"exemplarCity":"蒂华纳"},"Toronto":{"exemplarCity":"多伦多"},"Tortola":{"exemplarCity":"托尔托拉"},"Vancouver":{"exemplarCity":"温哥华"},"Whitehorse":{"exemplarCity":"怀特霍斯"},"Winnipeg":{"exemplarCity":"温尼伯"},"Yakutat":{"exemplarCity":"亚库塔特"},"Yellowknife":{"exemplarCity":"耶洛奈夫"}},"Atlantic":{"Azores":{"exemplarCity":"亚速尔群岛"},"Bermuda":{"exemplarCity":"百慕大"},"Canary":{"exemplarCity":"加那利"},"Cape_Verde":{"exemplarCity":"佛得角"},"Faeroe":{"exemplarCity":"法罗"},"Madeira":{"exemplarCity":"马德拉"},"Reykjavik":{"exemplarCity":"雷克雅未克"},"South_Georgia":{"exemplarCity":"南乔治亚"},"St_Helena":{"exemplarCity":"圣赫勒拿"},"Stanley":{"exemplarCity":"斯坦利"}},"Europe":{"Amsterdam":{"exemplarCity":"阿姆斯特丹"},"Andorra":{"exemplarCity":"安道尔"},"Athens":{"exemplarCity":"雅典"},"Belgrade":{"exemplarCity":"贝尔格莱德"},"Berlin":{"exemplarCity":"柏林"},"Bratislava":{"exemplarCity":"布拉迪斯拉发"},"Brussels":{"exemplarCity":"布鲁塞尔"},"Bucharest":{"exemplarCity":"布加勒斯特"},"Budapest":{"exemplarCity":"布达佩斯"},"Busingen":{"exemplarCity":"布辛根"},"Chisinau":{"exemplarCity":"基希讷乌"},"Copenhagen":{"exemplarCity":"哥本哈根"},"Dublin":{"long":{"daylight":"爱尔兰标准时间"},"exemplarCity":"都柏林"},"Gibraltar":{"exemplarCity":"直布罗陀"},"Guernsey":{"exemplarCity":"根西岛"},"Helsinki":{"exemplarCity":"赫尔辛基"},"Isle_of_Man":{"exemplarCity":"曼岛"},"Istanbul":{"exemplarCity":"伊斯坦布尔"},"Jersey":{"exemplarCity":"泽西岛"},"Kaliningrad":{"exemplarCity":"加里宁格勒"},"Kiev":{"exemplarCity":"基辅"},"Lisbon":{"exemplarCity":"里斯本"},"Ljubljana":{"exemplarCity":"卢布尔雅那"},"London":{"long":{"daylight":"英国夏令时间"},"exemplarCity":"伦敦"},"Luxembourg":{"exemplarCity":"卢森堡"},"Madrid":{"exemplarCity":"马德里"},"Malta":{"exemplarCity":"马耳他"},"Mariehamn":{"exemplarCity":"玛丽港"},"Minsk":{"exemplarCity":"明斯克"},"Monaco":{"exemplarCity":"摩纳哥"},"Moscow":{"exemplarCity":"莫斯科"},"Oslo":{"exemplarCity":"奥斯陆"},"Paris":{"exemplarCity":"巴黎"},"Podgorica":{"exemplarCity":"波德戈里察"},"Prague":{"exemplarCity":"布拉格"},"Riga":{"exemplarCity":"里加"},"Rome":{"exemplarCity":"罗马"},"Samara":{"exemplarCity":"萨马拉"},"San_Marino":{"exemplarCity":"圣马力诺"},"Sarajevo":{"exemplarCity":"萨拉热窝"},"Simferopol":{"exemplarCity":"辛菲罗波尔"},"Skopje":{"exemplarCity":"斯科普里"},"Sofia":{"exemplarCity":"索非亚"},"Stockholm":{"exemplarCity":"斯德哥尔摩"},"Tallinn":{"exemplarCity":"塔林"},"Tirane":{"exemplarCity":"地拉那"},"Uzhgorod":{"exemplarCity":"乌日哥罗德"},"Vaduz":{"exemplarCity":"瓦杜兹"},"Vatican":{"exemplarCity":"梵蒂冈"},"Vienna":{"exemplarCity":"维也纳"},"Vilnius":{"exemplarCity":"维尔纽斯"},"Volgograd":{"exemplarCity":"伏尔加格勒"},"Warsaw":{"exemplarCity":"华沙"},"Zagreb":{"exemplarCity":"萨格勒布"},"Zaporozhye":{"exemplarCity":"扎波罗热"},"Zurich":{"exemplarCity":"苏黎世"}},"Africa":{"Abidjan":{"exemplarCity":"阿比让"},"Accra":{"exemplarCity":"阿克拉"},"Addis_Ababa":{"exemplarCity":"亚的斯亚贝巴"},"Algiers":{"exemplarCity":"阿尔及尔"},"Asmera":{"exemplarCity":"阿斯马拉"},"Bamako":{"exemplarCity":"巴马科"},"Bangui":{"exemplarCity":"班吉"},"Banjul":{"exemplarCity":"班珠尔"},"Bissau":{"exemplarCity":"比绍"},"Blantyre":{"exemplarCity":"布兰太尔"},"Brazzaville":{"exemplarCity":"布拉柴维尔"},"Bujumbura":{"exemplarCity":"布琼布拉"},"Cairo":{"exemplarCity":"开罗"},"Casablanca":{"exemplarCity":"卡萨布兰卡"},"Ceuta":{"exemplarCity":"休达"},"Conakry":{"exemplarCity":"科纳克里"},"Dakar":{"exemplarCity":"达喀尔"},"Dar_es_Salaam":{"exemplarCity":"达累斯萨拉姆"},"Djibouti":{"exemplarCity":"吉布提"},"Douala":{"exemplarCity":"杜阿拉"},"El_Aaiun":{"exemplarCity":"阿尤恩"},"Freetown":{"exemplarCity":"弗里敦"},"Gaborone":{"exemplarCity":"哈博罗内"},"Harare":{"exemplarCity":"哈拉雷"},"Johannesburg":{"exemplarCity":"约翰内斯堡"},"Juba":{"exemplarCity":"朱巴"},"Kampala":{"exemplarCity":"坎帕拉"},"Khartoum":{"exemplarCity":"喀土穆"},"Kigali":{"exemplarCity":"基加利"},"Kinshasa":{"exemplarCity":"金沙萨"},"Lagos":{"exemplarCity":"拉各斯"},"Libreville":{"exemplarCity":"利伯维尔"},"Lome":{"exemplarCity":"洛美"},"Luanda":{"exemplarCity":"罗安达"},"Lubumbashi":{"exemplarCity":"卢本巴希"},"Lusaka":{"exemplarCity":"卢萨卡"},"Malabo":{"exemplarCity":"马拉博"},"Maputo":{"exemplarCity":"马普托"},"Maseru":{"exemplarCity":"马塞卢"},"Mbabane":{"exemplarCity":"姆巴巴纳"},"Mogadishu":{"exemplarCity":"摩加迪沙"},"Monrovia":{"exemplarCity":"蒙罗维亚"},"Nairobi":{"exemplarCity":"内罗毕"},"Ndjamena":{"exemplarCity":"恩贾梅纳"},"Niamey":{"exemplarCity":"尼亚美"},"Nouakchott":{"exemplarCity":"努瓦克肖特"},"Ouagadougou":{"exemplarCity":"瓦加杜古"},"Porto-Novo":{"exemplarCity":"波多诺伏"},"Sao_Tome":{"exemplarCity":"圣多美"},"Tripoli":{"exemplarCity":"的黎波里"},"Tunis":{"exemplarCity":"突尼斯"},"Windhoek":{"exemplarCity":"温得和克"}},"Asia":{"Aden":{"exemplarCity":"亚丁"},"Almaty":{"exemplarCity":"阿拉木图"},"Amman":{"exemplarCity":"安曼"},"Anadyr":{"exemplarCity":"阿纳德尔"},"Aqtau":{"exemplarCity":"阿克套"},"Aqtobe":{"exemplarCity":"阿克托别"},"Ashgabat":{"exemplarCity":"阿什哈巴德"},"Baghdad":{"exemplarCity":"巴格达"},"Bahrain":{"exemplarCity":"巴林"},"Baku":{"exemplarCity":"巴库"},"Bangkok":{"exemplarCity":"曼谷"},"Beirut":{"exemplarCity":"贝鲁特"},"Bishkek":{"exemplarCity":"比什凯克"},"Brunei":{"exemplarCity":"文莱"},"Calcutta":{"exemplarCity":"加尔各答"},"Chita":{"exemplarCity":"Chita"},"Choibalsan":{"exemplarCity":"乔巴山"},"Colombo":{"exemplarCity":"科伦坡"},"Damascus":{"exemplarCity":"大马士革"},"Dhaka":{"exemplarCity":"达卡"},"Dili":{"exemplarCity":"帝力"},"Dubai":{"exemplarCity":"迪拜"},"Dushanbe":{"exemplarCity":"杜尚别"},"Gaza":{"exemplarCity":"加沙"},"Hebron":{"exemplarCity":"希伯伦"},"Hong_Kong":{"exemplarCity":"香港"},"Hovd":{"exemplarCity":"科布多"},"Irkutsk":{"exemplarCity":"伊尔库茨克"},"Jakarta":{"exemplarCity":"雅加达"},"Jayapura":{"exemplarCity":"查亚普拉"},"Jerusalem":{"exemplarCity":"耶路撒冷"},"Kabul":{"exemplarCity":"喀布尔"},"Kamchatka":{"exemplarCity":"堪察加"},"Karachi":{"exemplarCity":"卡拉奇"},"Katmandu":{"exemplarCity":"加德满都"},"Khandyga":{"exemplarCity":"汉德加"},"Krasnoyarsk":{"exemplarCity":"克拉斯诺亚尔斯克"},"Kuala_Lumpur":{"exemplarCity":"吉隆坡"},"Kuching":{"exemplarCity":"古晋"},"Kuwait":{"exemplarCity":"科威特"},"Macau":{"exemplarCity":"澳门"},"Magadan":{"exemplarCity":"马加丹"},"Makassar":{"exemplarCity":"望加锡"},"Manila":{"exemplarCity":"马尼拉"},"Muscat":{"exemplarCity":"马斯喀特"},"Nicosia":{"exemplarCity":"尼科西亚"},"Novokuznetsk":{"exemplarCity":"新库兹涅茨克"},"Novosibirsk":{"exemplarCity":"诺沃西比尔斯克"},"Omsk":{"exemplarCity":"鄂木斯克"},"Oral":{"exemplarCity":"乌拉尔"},"Phnom_Penh":{"exemplarCity":"金边"},"Pontianak":{"exemplarCity":"坤甸"},"Pyongyang":{"exemplarCity":"平壤"},"Qatar":{"exemplarCity":"卡塔尔"},"Qyzylorda":{"exemplarCity":"克孜洛尔达"},"Rangoon":{"exemplarCity":"仰光"},"Riyadh":{"exemplarCity":"利雅得"},"Saigon":{"exemplarCity":"胡志明市"},"Sakhalin":{"exemplarCity":"萨哈林"},"Samarkand":{"exemplarCity":"撒马尔罕"},"Seoul":{"exemplarCity":"首尔"},"Shanghai":{"exemplarCity":"上海"},"Singapore":{"exemplarCity":"新加坡"},"Srednekolymsk":{"exemplarCity":"Srednekolymsk"},"Taipei":{"exemplarCity":"台北"},"Tashkent":{"exemplarCity":"塔什干"},"Tbilisi":{"exemplarCity":"第比利斯"},"Tehran":{"exemplarCity":"德黑兰"},"Thimphu":{"exemplarCity":"廷布"},"Tokyo":{"exemplarCity":"东京"},"Ulaanbaatar":{"exemplarCity":"乌兰巴托"},"Urumqi":{"exemplarCity":"乌鲁木齐"},"Ust-Nera":{"exemplarCity":"乌斯内拉"},"Vientiane":{"exemplarCity":"万象"},"Vladivostok":{"exemplarCity":"符拉迪沃斯托克"},"Yakutsk":{"exemplarCity":"雅库茨克"},"Yekaterinburg":{"exemplarCity":"叶卡捷琳堡"},"Yerevan":{"exemplarCity":"埃里温"}},"Indian":{"Antananarivo":{"exemplarCity":"安塔那那利佛"},"Chagos":{"exemplarCity":"查戈斯"},"Christmas":{"exemplarCity":"圣诞岛"},"Cocos":{"exemplarCity":"可可斯"},"Comoro":{"exemplarCity":"科摩罗"},"Kerguelen":{"exemplarCity":"凯尔盖朗"},"Mahe":{"exemplarCity":"马埃岛"},"Maldives":{"exemplarCity":"马尔代夫"},"Mauritius":{"exemplarCity":"毛里求斯"},"Mayotte":{"exemplarCity":"马约特"},"Reunion":{"exemplarCity":"留尼汪"}},"Australia":{"Adelaide":{"exemplarCity":"阿德莱德"},"Brisbane":{"exemplarCity":"布里斯班"},"Broken_Hill":{"exemplarCity":"布罗肯希尔"},"Currie":{"exemplarCity":"库利"},"Darwin":{"exemplarCity":"达尔文"},"Eucla":{"exemplarCity":"尤克拉"},"Hobart":{"exemplarCity":"霍巴特"},"Lindeman":{"exemplarCity":"林德曼"},"Lord_Howe":{"exemplarCity":"豪勋爵"},"Melbourne":{"exemplarCity":"墨尔本"},"Perth":{"exemplarCity":"珀斯"},"Sydney":{"exemplarCity":"悉尼"}},"Pacific":{"Apia":{"exemplarCity":"阿皮亚"},"Auckland":{"exemplarCity":"奥克兰"},"Bougainville":{"exemplarCity":"Bougainville"},"Chatham":{"exemplarCity":"查塔姆"},"Easter":{"exemplarCity":"复活节岛"},"Efate":{"exemplarCity":"埃法特"},"Enderbury":{"exemplarCity":"恩德伯里"},"Fakaofo":{"exemplarCity":"法考福"},"Fiji":{"exemplarCity":"斐济"},"Funafuti":{"exemplarCity":"富纳富提"},"Galapagos":{"exemplarCity":"加拉帕戈斯"},"Gambier":{"exemplarCity":"甘比尔"},"Guadalcanal":{"exemplarCity":"瓜达尔卡纳尔"},"Guam":{"exemplarCity":"关岛"},"Honolulu":{"exemplarCity":"檀香山"},"Johnston":{"exemplarCity":"约翰斯顿"},"Kiritimati":{"exemplarCity":"基里地马地岛"},"Kosrae":{"exemplarCity":"库赛埃"},"Kwajalein":{"exemplarCity":"夸贾林"},"Majuro":{"exemplarCity":"马朱罗"},"Marquesas":{"exemplarCity":"马克萨斯"},"Midway":{"exemplarCity":"中途岛"},"Nauru":{"exemplarCity":"瑙鲁"},"Niue":{"exemplarCity":"纽埃"},"Norfolk":{"exemplarCity":"诺福克"},"Noumea":{"exemplarCity":"努美阿"},"Pago_Pago":{"exemplarCity":"帕果帕果"},"Palau":{"exemplarCity":"帕劳"},"Pitcairn":{"exemplarCity":"皮特凯恩"},"Ponape":{"exemplarCity":"波纳佩岛"},"Port_Moresby":{"exemplarCity":"莫尔兹比港"},"Rarotonga":{"exemplarCity":"拉罗汤加"},"Saipan":{"exemplarCity":"塞班"},"Tahiti":{"exemplarCity":"塔希提"},"Tarawa":{"exemplarCity":"塔拉瓦"},"Tongatapu":{"exemplarCity":"东加塔布"},"Truk":{"exemplarCity":"特鲁克群岛"},"Wake":{"exemplarCity":"威克"},"Wallis":{"exemplarCity":"瓦利斯"}},"Arctic":{"Longyearbyen":{"exemplarCity":"朗伊尔城"}},"Antarctica":{"Casey":{"exemplarCity":"卡塞"},"Davis":{"exemplarCity":"戴维斯"},"DumontDUrville":{"exemplarCity":"迪蒙迪尔维尔"},"Macquarie":{"exemplarCity":"麦格理"},"Mawson":{"exemplarCity":"莫森"},"McMurdo":{"exemplarCity":"麦克默多"},"Palmer":{"exemplarCity":"帕默尔"},"Rothera":{"exemplarCity":"罗瑟拉"},"Syowa":{"exemplarCity":"昭和"},"Troll":{"exemplarCity":"特罗尔"},"Vostok":{"exemplarCity":"沃斯托克"}},"Etc":{"GMT":{"exemplarCity":"GMT"},"GMT1":{"exemplarCity":"GMT+1"},"GMT10":{"exemplarCity":"GMT+10"},"GMT11":{"exemplarCity":"GMT+11"},"GMT12":{"exemplarCity":"GMT+12"},"GMT2":{"exemplarCity":"GMT+2"},"GMT3":{"exemplarCity":"GMT+3"},"GMT4":{"exemplarCity":"GMT+4"},"GMT5":{"exemplarCity":"GMT+5"},"GMT6":{"exemplarCity":"GMT+6"},"GMT7":{"exemplarCity":"GMT+7"},"GMT8":{"exemplarCity":"GMT+8"},"GMT9":{"exemplarCity":"GMT+9"},"GMT-1":{"exemplarCity":"GMT-1"},"GMT-10":{"exemplarCity":"GMT-10"},"GMT-11":{"exemplarCity":"GMT-11"},"GMT-12":{"exemplarCity":"GMT-12"},"GMT-13":{"exemplarCity":"GMT-13"},"GMT-14":{"exemplarCity":"GMT-14"},"GMT-2":{"exemplarCity":"GMT-2"},"GMT-3":{"exemplarCity":"GMT-3"},"GMT-4":{"exemplarCity":"GMT-4"},"GMT-5":{"exemplarCity":"GMT-5"},"GMT-6":{"exemplarCity":"GMT-6"},"GMT-7":{"exemplarCity":"GMT-7"},"GMT-8":{"exemplarCity":"GMT-8"},"GMT-9":{"exemplarCity":"GMT-9"},"Unknown":{"exemplarCity":"未知城市"}}},"metazone":{"Acre":{"long":{"generic":"阿克里时间","standard":"阿克里标准时间","daylight":"阿克里夏令时间"}},"Afghanistan":{"long":{"standard":"阿富汗时间"}},"Africa_Central":{"long":{"standard":"中部非洲时间"}},"Africa_Eastern":{"long":{"standard":"东部非洲时间"}},"Africa_Southern":{"long":{"standard":"南部非洲时间"}},"Africa_Western":{"long":{"generic":"西部非洲时间","standard":"西部非洲标准时间","daylight":"西部非洲夏令时间"}},"Alaska":{"long":{"generic":"阿拉斯加时间","standard":"阿拉斯加标准时间","daylight":"阿拉斯加夏令时间"}},"Almaty":{"long":{"generic":"阿拉木图时间","standard":"阿拉木图标准时间","daylight":"阿拉木图夏令时间"}},"Amazon":{"long":{"generic":"亚马逊时间","standard":"亚马逊标准时间","daylight":"亚马逊夏令时间"}},"America_Central":{"long":{"generic":"北美中部时间","standard":"北美中部标准时间","daylight":"北美中部夏令时间"}},"America_Eastern":{"long":{"generic":"北美东部时间","standard":"北美东部标准时间","daylight":"北美东部夏令时间"}},"America_Mountain":{"long":{"generic":"北美山区时间","standard":"北美山区标准时间","daylight":"北美山区夏令时间"}},"America_Pacific":{"long":{"generic":"北美太平洋时间","standard":"北美太平洋标准时间","daylight":"北美太平洋夏令时间"}},"Anadyr":{"long":{"generic":"阿纳德尔时间","standard":"阿纳德尔标准时间","daylight":"阿纳德尔夏令时间"}},"Apia":{"long":{"generic":"阿皮亚时间","standard":"阿皮亚标准时间","daylight":"阿皮亚夏令时间"}},"Aqtau":{"long":{"generic":"阿克套时间","standard":"阿克套标准时间","daylight":"阿克套夏令时间"}},"Aqtobe":{"long":{"generic":"阿克托别时间","standard":"阿克托别标准时间","daylight":"阿克托别夏令时间"}},"Arabian":{"long":{"generic":"阿拉伯时间","standard":"阿拉伯标准时间","daylight":"阿拉伯夏令时间"}},"Argentina":{"long":{"generic":"阿根廷时间","standard":"阿根廷标准时间","daylight":"阿根廷夏令时间"}},"Argentina_Western":{"long":{"generic":"阿根廷西部时间","standard":"阿根廷西部标准时间","daylight":"阿根廷西部夏令时间"}},"Armenia":{"long":{"generic":"亚美尼亚时间","standard":"亚美尼亚标准时间","daylight":"亚美尼亚夏令时间"}},"Atlantic":{"long":{"generic":"大西洋时间","standard":"大西洋标准时间","daylight":"大西洋夏令时间"}},"Australia_Central":{"long":{"generic":"澳大利亚中部时间","standard":"澳大利亚中部标准时间","daylight":"澳大利亚中部夏令时间"}},"Australia_CentralWestern":{"long":{"generic":"澳大利亚中西部时间","standard":"澳大利亚中西部标准时间","daylight":"澳大利亚中西部夏令时间"}},"Australia_Eastern":{"long":{"generic":"澳大利亚东部时间","standard":"澳大利亚东部标准时间","daylight":"澳大利亚东部夏令时间"}},"Australia_Western":{"long":{"generic":"澳大利亚西部时间","standard":"澳大利亚西部标准时间","daylight":"澳大利亚西部夏令时间"}},"Azerbaijan":{"long":{"generic":"阿塞拜疆时间","standard":"阿塞拜疆标准时间","daylight":"阿塞拜疆夏令时间"}},"Azores":{"long":{"generic":"亚速尔群岛时间","standard":"亚速尔群岛标准时间","daylight":"亚速尔群岛夏令时间"}},"Bangladesh":{"long":{"generic":"孟加拉时间","standard":"孟加拉标准时间","daylight":"孟加拉夏令时间"}},"Bhutan":{"long":{"standard":"不丹时间"}},"Bolivia":{"long":{"standard":"玻利维亚时间"}},"Brasilia":{"long":{"generic":"巴西利亚时间","standard":"巴西利亚标准时间","daylight":"巴西利亚夏令时间"}},"Brunei":{"long":{"standard":"文莱达鲁萨兰时间"}},"Cape_Verde":{"long":{"generic":"佛得角时间","standard":"佛得角标准时间","daylight":"佛得角夏令时间"}},"Casey":{"long":{"standard":"凯西时间"}},"Chamorro":{"long":{"standard":"查莫罗时间"}},"Chatham":{"long":{"generic":"查坦时间","standard":"查坦标准时间","daylight":"查坦夏令时间"}},"Chile":{"long":{"generic":"智利时间","standard":"智利标准时间","daylight":"智利夏令时间"}},"China":{"long":{"generic":"中国时间","standard":"中国标准时间","daylight":"中国夏令时间"}},"Choibalsan":{"long":{"generic":"乔巴山时间","standard":"乔巴山标准时间","daylight":"乔巴山夏令时间"}},"Christmas":{"long":{"standard":"圣诞岛时间"}},"Cocos":{"long":{"standard":"科科斯群岛时间"}},"Colombia":{"long":{"generic":"哥伦比亚时间","standard":"哥伦比亚标准时间","daylight":"哥伦比亚夏令时间"}},"Cook":{"long":{"generic":"库克群岛时间","standard":"库克群岛标准时间","daylight":"库克群岛仲夏时间"}},"Cuba":{"long":{"generic":"古巴时间","standard":"古巴标准时间","daylight":"古巴夏令时间"}},"Davis":{"long":{"standard":"戴维斯时间"}},"DumontDUrville":{"long":{"standard":"迪蒙迪尔维尔时间"}},"East_Timor":{"long":{"standard":"东帝汶时间"}},"Easter":{"long":{"generic":"复活节岛时间","standard":"复活节岛标准时间","daylight":"复活节岛夏令时间"}},"Ecuador":{"long":{"standard":"厄瓜多尔时间"}},"Europe_Central":{"long":{"generic":"中欧时间","standard":"中欧标准时间","daylight":"中欧夏令时间"}},"Europe_Eastern":{"long":{"generic":"东欧时间","standard":"东欧标准时间","daylight":"东欧夏令时间"}},"Europe_Further_Eastern":{"long":{"standard":"远东标准时间"}},"Europe_Western":{"long":{"generic":"西欧时间","standard":"西欧标准时间","daylight":"西欧夏令时间"}},"Falkland":{"long":{"generic":"福克兰群岛时间","standard":"福克兰群岛标准时间","daylight":"福克兰群岛夏令时间"}},"Fiji":{"long":{"generic":"斐济时间","standard":"斐济标准时间","daylight":"斐济夏令时间"}},"French_Guiana":{"long":{"standard":"法属圭亚那时间"}},"French_Southern":{"long":{"standard":"法属南方和南极领地时间"}},"GMT":{"long":{"standard":"格林尼治标准时间"}},"Galapagos":{"long":{"standard":"加拉帕戈斯时间"}},"Gambier":{"long":{"standard":"甘比尔时间"}},"Georgia":{"long":{"generic":"格鲁吉亚时间","standard":"格鲁吉亚标准时间","daylight":"格鲁吉亚夏令时间"}},"Gilbert_Islands":{"long":{"standard":"吉尔伯特群岛时间"}},"Greenland_Eastern":{"long":{"generic":"格陵兰岛东部时间","standard":"格陵兰岛东部标准时间","daylight":"格陵兰岛东部夏令时间"}},"Greenland_Western":{"long":{"generic":"格陵兰岛西部时间","standard":"格陵兰岛西部标准时间","daylight":"格陵兰岛西部夏令时间"}},"Guam":{"long":{"standard":"关岛时间"}},"Gulf":{"long":{"standard":"海湾标准时间"}},"Guyana":{"long":{"standard":"圭亚那时间"}},"Hawaii_Aleutian":{"long":{"generic":"夏威夷-阿留申时间","standard":"夏威夷-阿留申标准时间","daylight":"夏威夷-阿留申夏令时间"}},"Hong_Kong":{"long":{"generic":"香港时间","standard":"香港标准时间","daylight":"香港夏令时间"}},"Hovd":{"long":{"generic":"科布多时间","standard":"科布多标准时间","daylight":"科布多夏令时间"}},"India":{"long":{"standard":"印度时间"}},"Indian_Ocean":{"long":{"standard":"印度洋时间"}},"Indochina":{"long":{"standard":"印度支那时间"}},"Indonesia_Central":{"long":{"standard":"印度尼西亚中部时间"}},"Indonesia_Eastern":{"long":{"standard":"印度尼西亚东部时间"}},"Indonesia_Western":{"long":{"standard":"印度尼西亚西部时间"}},"Iran":{"long":{"generic":"伊朗时间","standard":"伊朗标准时间","daylight":"伊朗夏令时间"}},"Irkutsk":{"long":{"generic":"伊尔库茨克时间","standard":"伊尔库茨克标准时间","daylight":"伊尔库茨克夏令时间"}},"Israel":{"long":{"generic":"以色列时间","standard":"以色列标准时间","daylight":"以色列夏令时间"}},"Japan":{"long":{"generic":"日本时间","standard":"日本标准时间","daylight":"日本夏令时间"}},"Kamchatka":{"long":{"generic":"彼得罗巴甫洛夫斯克-堪察加时间","standard":"彼得罗巴甫洛夫斯克-堪察加标准时间","daylight":"彼得罗巴甫洛夫斯克-堪察加夏令时间"}},"Kazakhstan_Eastern":{"long":{"standard":"哈萨克斯坦东部时间"}},"Kazakhstan_Western":{"long":{"standard":"哈萨克斯坦西部时间"}},"Korea":{"long":{"generic":"韩国时间","standard":"韩国标准时间","daylight":"韩国夏令时间"}},"Kosrae":{"long":{"standard":"科斯雷时间"}},"Krasnoyarsk":{"long":{"generic":"克拉斯诺亚尔斯克时间","standard":"克拉斯诺亚尔斯克标准时间","daylight":"克拉斯诺亚尔斯克夏令时间"}},"Kyrgystan":{"long":{"standard":"吉尔吉斯斯坦时间"}},"Lanka":{"long":{"standard":"兰卡时间"}},"Line_Islands":{"long":{"standard":"莱恩群岛时间"}},"Lord_Howe":{"long":{"generic":"豪勋爵岛时间","standard":"豪勋爵岛标准时间","daylight":"豪勋爵岛夏令时间"}},"Macau":{"long":{"generic":"澳门时间","standard":"澳门标准时间","daylight":"澳门夏令时间"}},"Macquarie":{"long":{"standard":"麦夸里岛时间"}},"Magadan":{"long":{"generic":"马加丹时间","standard":"马加丹标准时间","daylight":"马加丹夏令时间"}},"Malaysia":{"long":{"standard":"马来西亚时间"}},"Maldives":{"long":{"standard":"马尔代夫时间"}},"Marquesas":{"long":{"standard":"马克萨斯群岛时间"}},"Marshall_Islands":{"long":{"standard":"马绍尔群岛时间"}},"Mauritius":{"long":{"generic":"毛里求斯时间","standard":"毛里求斯标准时间","daylight":"毛里求斯夏令时间"}},"Mawson":{"long":{"standard":"莫森时间"}},"Mexico_Northwest":{"long":{"generic":"墨西哥西北部时间","standard":"墨西哥西北部标准时间","daylight":"墨西哥西北部夏令时间"}},"Mexico_Pacific":{"long":{"generic":"墨西哥太平洋时间","standard":"墨西哥太平洋标准时间","daylight":"墨西哥太平洋夏令时间"}},"Mongolia":{"long":{"generic":"乌兰巴托时间","standard":"乌兰巴托标准时间","daylight":"乌兰巴托夏令时间"}},"Moscow":{"long":{"generic":"莫斯科时间","standard":"莫斯科标准时间","daylight":"莫斯科夏令时间"}},"Myanmar":{"long":{"standard":"缅甸时间"}},"Nauru":{"long":{"standard":"瑙鲁时间"}},"Nepal":{"long":{"standard":"尼泊尔时间"}},"New_Caledonia":{"long":{"generic":"新喀里多尼亚时间","standard":"新喀里多尼亚标准时间","daylight":"新喀里多尼亚夏令时间"}},"New_Zealand":{"long":{"generic":"新西兰时间","standard":"新西兰标准时间","daylight":"新西兰夏令时间"}},"Newfoundland":{"long":{"generic":"纽芬兰时间","standard":"纽芬兰标准时间","daylight":"纽芬兰夏令时间"}},"Niue":{"long":{"standard":"纽埃时间"}},"Norfolk":{"long":{"standard":"诺福克岛时间"}},"Noronha":{"long":{"generic":"费尔南多-迪诺罗尼亚岛时间","standard":"费尔南多-迪诺罗尼亚岛标准时间","daylight":"费尔南多-迪诺罗尼亚岛夏令时间"}},"North_Mariana":{"long":{"standard":"北马里亚纳群岛时间"}},"Novosibirsk":{"long":{"generic":"新西伯利亚时间","standard":"新西伯利亚标准时间","daylight":"新西伯利亚夏令时间"}},"Omsk":{"long":{"generic":"鄂木斯克时间","standard":"鄂木斯克标准时间","daylight":"鄂木斯克夏令时间"}},"Pakistan":{"long":{"generic":"巴基斯坦时间","standard":"巴基斯坦标准时间","daylight":"巴基斯坦夏令时间"}},"Palau":{"long":{"standard":"帕劳时间"}},"Papua_New_Guinea":{"long":{"standard":"巴布亚新几内亚时间"}},"Paraguay":{"long":{"generic":"巴拉圭时间","standard":"巴拉圭标准时间","daylight":"巴拉圭夏令时间"}},"Peru":{"long":{"generic":"秘鲁时间","standard":"秘鲁标准时间","daylight":"秘鲁夏令时间"}},"Philippines":{"long":{"generic":"菲律宾时间","standard":"菲律宾标准时间","daylight":"菲律宾夏令时间"}},"Phoenix_Islands":{"long":{"standard":"菲尼克斯群岛时间"}},"Pierre_Miquelon":{"long":{"generic":"圣皮埃尔和密克隆群岛时间","standard":"圣皮埃尔和密克隆群岛标准时间","daylight":"圣皮埃尔和密克隆群岛夏令时间"}},"Pitcairn":{"long":{"standard":"皮特凯恩时间"}},"Ponape":{"long":{"standard":"波纳佩时间"}},"Qyzylorda":{"long":{"generic":"克孜洛尔达时间","standard":"克孜洛尔达标准时间","daylight":"克孜洛尔达夏令时间"}},"Reunion":{"long":{"standard":"留尼汪时间"}},"Rothera":{"long":{"standard":"罗瑟拉时间"}},"Sakhalin":{"long":{"generic":"库页岛时间","standard":"库页岛标准时间","daylight":"库页岛夏令时间"}},"Samara":{"long":{"generic":"萨马拉时间","standard":"萨马拉标准时间","daylight":"萨马拉夏令时间"}},"Samoa":{"long":{"generic":"萨摩亚时间","standard":"萨摩亚标准时间","daylight":"萨摩亚夏令时间"}},"Seychelles":{"long":{"standard":"塞舌尔时间"}},"Singapore":{"long":{"standard":"新加坡标准时间"}},"Solomon":{"long":{"standard":"所罗门群岛时间"}},"South_Georgia":{"long":{"standard":"南乔治亚岛时间"}},"Suriname":{"long":{"standard":"苏里南时间"}},"Syowa":{"long":{"standard":"昭和时间"}},"Tahiti":{"long":{"standard":"塔希提岛时间"}},"Taipei":{"long":{"generic":"台北时间","standard":"台北标准时间","daylight":"台北夏令时间"}},"Tajikistan":{"long":{"standard":"塔吉克斯坦时间"}},"Tokelau":{"long":{"standard":"托克劳时间"}},"Tonga":{"long":{"generic":"汤加时间","standard":"汤加标准时间","daylight":"汤加夏令时间"}},"Truk":{"long":{"standard":"楚克时间"}},"Turkmenistan":{"long":{"generic":"土库曼斯坦时间","standard":"土库曼斯坦标准时间","daylight":"土库曼斯坦夏令时间"}},"Tuvalu":{"long":{"standard":"图瓦卢时间"}},"Uruguay":{"long":{"generic":"乌拉圭时间","standard":"乌拉圭标准时间","daylight":"乌拉圭夏令时间"}},"Uzbekistan":{"long":{"generic":"乌兹别克斯坦时间","standard":"乌兹别克斯坦标准时间","daylight":"乌兹别克斯坦夏令时间"}},"Vanuatu":{"long":{"generic":"瓦努阿图时间","standard":"瓦努阿图标准时间","daylight":"瓦努阿图夏令时间"}},"Venezuela":{"long":{"standard":"委内瑞拉时间"}},"Vladivostok":{"long":{"generic":"海参崴时间","standard":"海参崴标准时间","daylight":"海参崴夏令时间"}},"Volgograd":{"long":{"generic":"伏尔加格勒时间","standard":"伏尔加格勒标准时间","daylight":"伏尔加格勒夏令时间"}},"Vostok":{"long":{"standard":"沃斯托克时间"}},"Wake":{"long":{"standard":"威克岛时间"}},"Wallis":{"long":{"standard":"瓦利斯和富图纳时间"}},"Yakutsk":{"long":{"generic":"雅库茨克时间","standard":"雅库茨克标准时间","daylight":"雅库茨克夏令时间"}},"Yekaterinburg":{"long":{"generic":"叶卡捷琳堡时间","standard":"叶卡捷琳堡标准时间","daylight":"叶卡捷琳堡夏令时间"}}}}