{"hourFormat":"+HH:mm;-HH:mm","gmtFormat":"GMT%1$s","gmtZeroFormat":"GMT","regionFormat":"เวลา%1$s","regionFormat-type-standard":"เวลามาตรฐาน%1$s","regionFormat-type-daylight":"เวลาออมแสง%1$s","fallbackFormat":"%2$s (%1$s)","zone":{"America":{"Adak":{"exemplarCity":"เอดัก"},"Anchorage":{"exemplarCity":"แองเคอเรจ"},"Anguilla":{"exemplarCity":"แองกิลลา"},"Antigua":{"exemplarCity":"แอนติกา"},"Araguaina":{"exemplarCity":"อารากัวนา"},"Argentina":{"La_Rioja":{"exemplarCity":"ลาริโอจา"},"Rio_Gallegos":{"exemplarCity":"ริโอกาลเลกอส"},"Salta":{"exemplarCity":"ซัลตา"},"San_Juan":{"exemplarCity":"ซานฮวน"},"San_Luis":{"exemplarCity":"ซันลูอิส"},"Tucuman":{"exemplarCity":"ทูคูแมน"},"Ushuaia":{"exemplarCity":"อูชูเอีย"}},"Aruba":{"exemplarCity":"อารูบา"},"Asuncion":{"exemplarCity":"อะซุนซิออง"},"Bahia":{"exemplarCity":"บาเยีย"},"Bahia_Banderas":{"exemplarCity":"บาเอียบันเดรัส"},"Barbados":{"exemplarCity":"บาร์เบโดส"},"Belem":{"exemplarCity":"เบเลง"},"Belize":{"exemplarCity":"เบลีซ"},"Blanc-Sablon":{"exemplarCity":"บลังค์-ซาบลอน"},"Boa_Vista":{"exemplarCity":"บัววีชตา"},"Bogota":{"exemplarCity":"โบโกตา"},"Boise":{"exemplarCity":"บอยซี"},"Buenos_Aires":{"exemplarCity":"บัวโนสไอเรส"},"Cambridge_Bay":{"exemplarCity":"อ่าวแคมบริดจ์"},"Campo_Grande":{"exemplarCity":"กัมปูกรันดี"},"Cancun":{"exemplarCity":"แคนคุน"},"Caracas":{"exemplarCity":"คาราคัส"},"Catamarca":{"exemplarCity":"กาตามาร์กา"},"Cayenne":{"exemplarCity":"กาแยน"},"Cayman":{"exemplarCity":"เคย์แมน"},"Chicago":{"exemplarCity":"ชิคาโก"},"Chihuahua":{"exemplarCity":"ชีวาวา"},"Coral_Harbour":{"exemplarCity":"คอรัลฮาร์เบอร์"},"Cordoba":{"exemplarCity":"คอร์โดบา"},"Costa_Rica":{"exemplarCity":"คอสตาริกา"},"Creston":{"exemplarCity":"เครสตัน"},"Cuiaba":{"exemplarCity":"กุยาบา"},"Curacao":{"exemplarCity":"คูราเซา"},"Danmarkshavn":{"exemplarCity":"ดานมาร์กสฮาวน์"},"Dawson":{"exemplarCity":"ดอว์สัน"},"Dawson_Creek":{"exemplarCity":"ดอว์สัน ครีก"},"Denver":{"exemplarCity":"เดนเวอร์"},"Detroit":{"exemplarCity":"ดีทรอยต์"},"Dominica":{"exemplarCity":"โดมินิกา"},"Edmonton":{"exemplarCity":"เอดมันตัน"},"Eirunepe":{"exemplarCity":"เอรูเนเป"},"El_Salvador":{"exemplarCity":"เอลซัลวาดอร์"},"Fortaleza":{"exemplarCity":"ฟอร์ตาเลซา"},"Glace_Bay":{"exemplarCity":"แกลซเบย์"},"Godthab":{"exemplarCity":"กอดแธบ"},"Goose_Bay":{"exemplarCity":"กูสเบย์"},"Grand_Turk":{"exemplarCity":"แกรนด์เติร์ก"},"Grenada":{"exemplarCity":"เกรนาดา"},"Guadeloupe":{"exemplarCity":"กวาเดอลูป"},"Guatemala":{"exemplarCity":"กัวเตมาลา"},"Guayaquil":{"exemplarCity":"กัวยากิล"},"Guyana":{"exemplarCity":"กายอานา"},"Halifax":{"exemplarCity":"แฮลิแฟกซ์"},"Havana":{"exemplarCity":"ฮาวานา"},"Hermosillo":{"exemplarCity":"เอร์โมซีโย"},"Indiana":{"Knox":{"exemplarCity":"นอกซ์, อินดีแอนา"},"Marengo":{"exemplarCity":"มาเรงโก, อินดีแอนา"},"Petersburg":{"exemplarCity":"ปีเตอร์สเบิร์ก, อินดีแอนา"},"Tell_City":{"exemplarCity":"เทลล์ซิตี, อินดีแอนา"},"Vevay":{"exemplarCity":"วีเวย์, อินดีแอนา"},"Vincennes":{"exemplarCity":"วินเซนเนส, อินดีแอนา"},"Winamac":{"exemplarCity":"วินาแมค, อินดีแอนา"}},"Indianapolis":{"exemplarCity":"อินเดียแนโพลิส"},"Inuvik":{"exemplarCity":"อินูวิก"},"Iqaluit":{"exemplarCity":"อีกวาลิต"},"Jamaica":{"exemplarCity":"จาเมกา"},"Jujuy":{"exemplarCity":"จูจิว"},"Juneau":{"exemplarCity":"จูโน"},"Kentucky":{"Monticello":{"exemplarCity":"มอนติเซลโล, เคนตักกี"}},"Kralendijk":{"exemplarCity":"คราเลนดิจค์"},"La_Paz":{"exemplarCity":"ลาปาซ"},"Lima":{"exemplarCity":"ลิมา"},"Los_Angeles":{"exemplarCity":"ลอสแองเจลิส"},"Louisville":{"exemplarCity":"ลูส์วิลล์"},"Lower_Princes":{"exemplarCity":"โลเวอร์พรินซ์ ควอเตอร์"},"Maceio":{"exemplarCity":"มาเซโอ"},"Managua":{"exemplarCity":"มานากัว"},"Manaus":{"exemplarCity":"มาเนาส์"},"Marigot":{"exemplarCity":"มาริโกต์"},"Martinique":{"exemplarCity":"มาร์ตินีก"},"Matamoros":{"exemplarCity":"มาตาโมรอส"},"Mazatlan":{"exemplarCity":"มาซาทลาน"},"Mendoza":{"exemplarCity":"เมนดูซา"},"Menominee":{"exemplarCity":"เมโนมินี"},"Merida":{"exemplarCity":"เมรีดา"},"Metlakatla":{"exemplarCity":"เมทลากาตละ"},"Mexico_City":{"exemplarCity":"เม็กซิโกซิตี"},"Miquelon":{"exemplarCity":"มีเกอลง"},"Moncton":{"exemplarCity":"มองตัน"},"Monterrey":{"exemplarCity":"มอนเตร์เรย์"},"Montevideo":{"exemplarCity":"มอนเตวิเดโอ"},"Montserrat":{"exemplarCity":"มอนเซอร์รัต"},"Nassau":{"exemplarCity":"แนสซอ"},"New_York":{"exemplarCity":"นิวยอร์ก"},"Nipigon":{"exemplarCity":"นิปิกอน"},"Nome":{"exemplarCity":"นอม"},"Noronha":{"exemplarCity":"โนรอนฮา"},"North_Dakota":{"Beulah":{"exemplarCity":"โบลาห์, นอร์ทดาโคตา"},"Center":{"exemplarCity":"เซนเตอร์, นอร์ทดาโคตา"},"New_Salem":{"exemplarCity":"นิวเซเลม, นอร์ทดาโคตา"}},"Ojinaga":{"exemplarCity":"โอจินากา"},"Panama":{"exemplarCity":"ปานามา"},"Pangnirtung":{"exemplarCity":"พางนีทัง"},"Paramaribo":{"exemplarCity":"ปารามาริโบ"},"Phoenix":{"exemplarCity":"ฟินิกซ์"},"Port-au-Prince":{"exemplarCity":"ปอร์โตแปรงซ์"},"Port_of_Spain":{"exemplarCity":"พอร์ทออฟสเปน"},"Porto_Velho":{"exemplarCity":"ปอร์ตูเวลโย"},"Puerto_Rico":{"exemplarCity":"เปอโตริโก"},"Rainy_River":{"exemplarCity":"เรนนี่ริเวอร์"},"Rankin_Inlet":{"exemplarCity":"แรงกินอินเล็ต"},"Recife":{"exemplarCity":"เรซีเฟ"},"Regina":{"exemplarCity":"ริไจนา"},"Resolute":{"exemplarCity":"เรโซลูท"},"Rio_Branco":{"exemplarCity":"รีโอบรังโก"},"Santa_Isabel":{"exemplarCity":"ซานตาอิซาเบล"},"Santarem":{"exemplarCity":"ซันตาเรม"},"Santiago":{"exemplarCity":"ซันติอาโก"},"Santo_Domingo":{"exemplarCity":"ซานโต โดมิงโก"},"Sao_Paulo":{"exemplarCity":"เซาเปาลู"},"Scoresbysund":{"exemplarCity":"สกอเรสไบซันด์"},"Sitka":{"exemplarCity":"ซิตกา"},"St_Barthelemy":{"exemplarCity":"เซนต์บาร์เธเลมี"},"St_Johns":{"exemplarCity":"เซนต์จอนส์"},"St_Kitts":{"exemplarCity":"เซนต์คิตส์"},"St_Lucia":{"exemplarCity":"เซนต์ลูเซีย"},"St_Thomas":{"exemplarCity":"เซนต์โธมัส"},"St_Vincent":{"exemplarCity":"เซนต์วินเซนต์"},"Swift_Current":{"exemplarCity":"สวิฟต์เคอร์เรนต์"},"Tegucigalpa":{"exemplarCity":"เตกูซิกัลปา"},"Thule":{"exemplarCity":"ทูเล"},"Thunder_Bay":{"exemplarCity":"ทันเดอร์เบย์"},"Tijuana":{"exemplarCity":"ทิฮัวนา"},"Toronto":{"exemplarCity":"โทรอนโต"},"Tortola":{"exemplarCity":"ตอร์โตลา"},"Vancouver":{"exemplarCity":"แวนคูเวอร์"},"Whitehorse":{"exemplarCity":"ไวต์ฮอร์ส"},"Winnipeg":{"exemplarCity":"วินนิเพก"},"Yakutat":{"exemplarCity":"ยากูทัต"},"Yellowknife":{"exemplarCity":"เยลโลว์ไนฟ์"}},"Atlantic":{"Azores":{"exemplarCity":"อาซอเรส"},"Bermuda":{"exemplarCity":"เบอร์มิวดา"},"Canary":{"exemplarCity":"คะเนรี"},"Cape_Verde":{"exemplarCity":"เคปเวิร์ด"},"Faeroe":{"exemplarCity":"แฟโร"},"Madeira":{"exemplarCity":"มาเดรา"},"Reykjavik":{"exemplarCity":"เรคยาวิก"},"South_Georgia":{"exemplarCity":"เซาท์ จอร์เจีย"},"St_Helena":{"exemplarCity":"เซนต์เฮเลนา"},"Stanley":{"exemplarCity":"สแตนลีย์"}},"Europe":{"Amsterdam":{"exemplarCity":"อัมสเตอดัม"},"Andorra":{"exemplarCity":"อันดอร์รา"},"Athens":{"exemplarCity":"เอเธนส์"},"Belgrade":{"exemplarCity":"เบลเกรด"},"Berlin":{"exemplarCity":"เบอร์ลิน"},"Bratislava":{"exemplarCity":"บราติสลาวา"},"Brussels":{"exemplarCity":"บรัสเซลส์"},"Bucharest":{"exemplarCity":"บูคาเรส"},"Budapest":{"exemplarCity":"บูดาเปส"},"Busingen":{"exemplarCity":"บุสซิงเง็น"},"Chisinau":{"exemplarCity":"คีชีเนา"},"Copenhagen":{"exemplarCity":"โคเปนเฮเกน"},"Dublin":{"long":{"daylight":"เวลามาตรฐานไอร์แลนด์"},"exemplarCity":"ดับบลิน"},"Gibraltar":{"exemplarCity":"ยิบรอลตาร์"},"Guernsey":{"exemplarCity":"เกิร์นซีย์"},"Helsinki":{"exemplarCity":"เฮลซิงกิ"},"Isle_of_Man":{"exemplarCity":"เกาะแมน"},"Istanbul":{"exemplarCity":"อิสตันบูล"},"Jersey":{"exemplarCity":"เจอร์ซีย์"},"Kaliningrad":{"exemplarCity":"คาลินิงกราด"},"Kiev":{"exemplarCity":"เคียฟ"},"Lisbon":{"exemplarCity":"ลิสบอน"},"Ljubljana":{"exemplarCity":"ลูบลิยานา"},"London":{"long":{"daylight":"เวลาฤดูร้อนอังกฤษ"},"exemplarCity":"ลอนดอน"},"Luxembourg":{"exemplarCity":"ลักเซมเบิร์ก"},"Madrid":{"exemplarCity":"มาดริด"},"Malta":{"exemplarCity":"มอลตา"},"Mariehamn":{"exemplarCity":"มารีฮามน์"},"Minsk":{"exemplarCity":"มินสก์"},"Monaco":{"exemplarCity":"โมนาโก"},"Moscow":{"exemplarCity":"มอสโก"},"Oslo":{"exemplarCity":"ออสโล"},"Paris":{"exemplarCity":"ปารีส"},"Podgorica":{"exemplarCity":"พอดกอรีตซา"},"Prague":{"exemplarCity":"ปราก"},"Riga":{"exemplarCity":"ริกา"},"Rome":{"exemplarCity":"โรม"},"Samara":{"exemplarCity":"ซามารา"},"San_Marino":{"exemplarCity":"ซานมารีโน"},"Sarajevo":{"exemplarCity":"ซาราเยโว"},"Simferopol":{"exemplarCity":"ซิมเฟอโรโปล"},"Skopje":{"exemplarCity":"สโกเปีย"},"Sofia":{"exemplarCity":"โซเฟีย"},"Stockholm":{"exemplarCity":"สตอกโฮล์ม"},"Tallinn":{"exemplarCity":"ทาลลินน์"},"Tirane":{"exemplarCity":"ติรานา"},"Uzhgorod":{"exemplarCity":"อัซโกร็อด"},"Vaduz":{"exemplarCity":"วาดุซ"},"Vatican":{"exemplarCity":"วาติกัน"},"Vienna":{"exemplarCity":"เวียนนา"},"Vilnius":{"exemplarCity":"วิลนีอุส"},"Volgograd":{"exemplarCity":"วอลโกกราด"},"Warsaw":{"exemplarCity":"วอร์ซอ"},"Zagreb":{"exemplarCity":"ซาเกร็บ"},"Zaporozhye":{"exemplarCity":"ซาโปโรซี"},"Zurich":{"exemplarCity":"ซูริค"}},"Africa":{"Abidjan":{"exemplarCity":"อาบีจาน"},"Accra":{"exemplarCity":"อักกรา"},"Addis_Ababa":{"exemplarCity":"แอดดิสอาบาบา"},"Algiers":{"exemplarCity":"แอลเจียร์"},"Asmera":{"exemplarCity":"แอสมารา"},"Bamako":{"exemplarCity":"บามาโก"},"Bangui":{"exemplarCity":"บังกี"},"Banjul":{"exemplarCity":"บันจูล"},"Bissau":{"exemplarCity":"บิสเซา"},"Blantyre":{"exemplarCity":"แบลนไทร์"},"Brazzaville":{"exemplarCity":"บราซซาวิล"},"Bujumbura":{"exemplarCity":"บูจุมบูรา"},"Cairo":{"exemplarCity":"ไคโร"},"Casablanca":{"exemplarCity":"คาสซาบลางก้า"},"Ceuta":{"exemplarCity":"เซวตา"},"Conakry":{"exemplarCity":"โกนากรี"},"Dakar":{"exemplarCity":"ดาการ์"},"Dar_es_Salaam":{"exemplarCity":"ดาร์เอสซาลาม"},"Djibouti":{"exemplarCity":"จิบูตี"},"Douala":{"exemplarCity":"ดูอาลา"},"El_Aaiun":{"exemplarCity":"เอลไอย์อุง"},"Freetown":{"exemplarCity":"ฟรีทาวน์"},"Gaborone":{"exemplarCity":"กาโบโรเน"},"Harare":{"exemplarCity":"ฮาราเร"},"Johannesburg":{"exemplarCity":"โจฮันเนสเบอร์ก"},"Juba":{"exemplarCity":"จูบา"},"Kampala":{"exemplarCity":"คัมพาลา"},"Khartoum":{"exemplarCity":"คาร์ทูม"},"Kigali":{"exemplarCity":"คิกาลี"},"Kinshasa":{"exemplarCity":"กินชาซา"},"Lagos":{"exemplarCity":"ลากอส"},"Libreville":{"exemplarCity":"ลีเบรอวิล"},"Lome":{"exemplarCity":"โลเม"},"Luanda":{"exemplarCity":"ลูอันดา"},"Lubumbashi":{"exemplarCity":"ลูบัมบาชิ"},"Lusaka":{"exemplarCity":"ลูซากา"},"Malabo":{"exemplarCity":"มาลาโบ"},"Maputo":{"exemplarCity":"มาปูโต"},"Maseru":{"exemplarCity":"มาเซรู"},"Mbabane":{"exemplarCity":"อัมบาบาเน"},"Mogadishu":{"exemplarCity":"โมกาดิชู"},"Monrovia":{"exemplarCity":"มันโรเวีย"},"Nairobi":{"exemplarCity":"ไนโรเบีย"},"Ndjamena":{"exemplarCity":"เอ็นจาเมนา"},"Niamey":{"exemplarCity":"นีอาเมย์"},"Nouakchott":{"exemplarCity":"นูแอกชอต"},"Ouagadougou":{"exemplarCity":"วากาดูกู"},"Porto-Novo":{"exemplarCity":"ปอร์โต-โนโว"},"Sao_Tome":{"exemplarCity":"เซาตูเม"},"Tripoli":{"exemplarCity":"ตรีโปลี"},"Tunis":{"exemplarCity":"ตูนิส"},"Windhoek":{"exemplarCity":"วินด์ฮุก"}},"Asia":{"Aden":{"exemplarCity":"เอเดน"},"Almaty":{"exemplarCity":"อัลมาตี"},"Amman":{"exemplarCity":"อัมมาน"},"Anadyr":{"exemplarCity":"อานาดีร์"},"Aqtau":{"exemplarCity":"อัคตาอู"},"Aqtobe":{"exemplarCity":"อัคโทบี"},"Ashgabat":{"exemplarCity":"อาชกาบัต"},"Baghdad":{"exemplarCity":"แบกแดด"},"Bahrain":{"exemplarCity":"บาห์เรน"},"Baku":{"exemplarCity":"บากู"},"Bangkok":{"exemplarCity":"กรุงเทพ"},"Beirut":{"exemplarCity":"เบรุต"},"Bishkek":{"exemplarCity":"บิชเคก"},"Brunei":{"exemplarCity":"บรูไน"},"Calcutta":{"exemplarCity":"โกลกาตา"},"Chita":{"exemplarCity":"Chita"},"Choibalsan":{"exemplarCity":"ชอยบาลซาน"},"Colombo":{"exemplarCity":"โคลัมโบ"},"Damascus":{"exemplarCity":"ดามัสกัส"},"Dhaka":{"exemplarCity":"ดากา"},"Dili":{"exemplarCity":"ดิลี"},"Dubai":{"exemplarCity":"ดูไบ"},"Dushanbe":{"exemplarCity":"ดูชานเบ"},"Gaza":{"exemplarCity":"กาซา"},"Hebron":{"exemplarCity":"เฮบรอน"},"Hong_Kong":{"exemplarCity":"ฮ่องกง"},"Hovd":{"exemplarCity":"ฮอฟด์"},"Irkutsk":{"exemplarCity":"อีร์คุตสค์"},"Jakarta":{"exemplarCity":"จาการ์ตา"},"Jayapura":{"exemplarCity":"จายาปุระ"},"Jerusalem":{"exemplarCity":"เยรูซาเลม"},"Kabul":{"exemplarCity":"คาบูล"},"Kamchatka":{"exemplarCity":"คามชัตกา"},"Karachi":{"exemplarCity":"การาจี"},"Katmandu":{"exemplarCity":"กาตมันดุ"},"Khandyga":{"exemplarCity":"ฮันดืยกา"},"Krasnoyarsk":{"exemplarCity":"ครัสโนยาร์สก์"},"Kuala_Lumpur":{"exemplarCity":"กัวลาลัมเปอร์"},"Kuching":{"exemplarCity":"กูชิง"},"Kuwait":{"exemplarCity":"คูเวต"},"Macau":{"exemplarCity":"มาเก๊า"},"Magadan":{"exemplarCity":"มากาดาน"},"Makassar":{"exemplarCity":"มากัสซาร์"},"Manila":{"exemplarCity":"มะนิลา"},"Muscat":{"exemplarCity":"มัสกัต"},"Nicosia":{"exemplarCity":"นิโคเซีย"},"Novokuznetsk":{"exemplarCity":"โนโวคุซเนตสค์"},"Novosibirsk":{"exemplarCity":"โนโวซิบิร์สก์"},"Omsk":{"exemplarCity":"โอมสก์"},"Oral":{"exemplarCity":"ออรัล"},"Phnom_Penh":{"exemplarCity":"พนมเปญ"},"Pontianak":{"exemplarCity":"พอนเทียนัก"},"Pyongyang":{"exemplarCity":"เปียงยาง"},"Qatar":{"exemplarCity":"กาตาร์"},"Qyzylorda":{"exemplarCity":"ไคซีลอร์ดา"},"Rangoon":{"exemplarCity":"ย่างกุ้ง"},"Riyadh":{"exemplarCity":"ริยาร์ด"},"Saigon":{"exemplarCity":"นครโฮจิมินห์"},"Sakhalin":{"exemplarCity":"ซาคาลิน"},"Samarkand":{"exemplarCity":"ซามาร์กานด์"},"Seoul":{"exemplarCity":"โซล"},"Shanghai":{"exemplarCity":"เซี่ยงไฮ้"},"Singapore":{"exemplarCity":"สิงคโปร์"},"Srednekolymsk":{"exemplarCity":"Srednekolymsk"},"Taipei":{"exemplarCity":"ไทเป"},"Tashkent":{"exemplarCity":"ทาชเคนต์"},"Tbilisi":{"exemplarCity":"ทบิลิซิ"},"Tehran":{"exemplarCity":"เตหะราน"},"Thimphu":{"exemplarCity":"ทิมพู"},"Tokyo":{"exemplarCity":"โตเกียว"},"Ulaanbaatar":{"exemplarCity":"อูลานบาตอร์"},"Urumqi":{"exemplarCity":"อุรุมชี"},"Ust-Nera":{"exemplarCity":"อุสต์เนรา"},"Vientiane":{"exemplarCity":"เวียงจันทน์"},"Vladivostok":{"exemplarCity":"วลาดิโวสต็อก"},"Yakutsk":{"exemplarCity":"ยาคุตสค์"},"Yekaterinburg":{"exemplarCity":"ยีคาเตอรินเบิร์ก"},"Yerevan":{"exemplarCity":"เยเรวาน"}},"Indian":{"Antananarivo":{"exemplarCity":"อันตานานาริโว"},"Chagos":{"exemplarCity":"ชากัส"},"Christmas":{"exemplarCity":"คริสต์มาส"},"Cocos":{"exemplarCity":"โคโคส"},"Comoro":{"exemplarCity":"โคโมโร"},"Kerguelen":{"exemplarCity":"แกร์เกอลอง"},"Mahe":{"exemplarCity":"มาเอ"},"Maldives":{"exemplarCity":"มัลดีฟส์"},"Mauritius":{"exemplarCity":"มอริเชียส"},"Mayotte":{"exemplarCity":"มาโยเต"},"Reunion":{"exemplarCity":"เรอูนียง"}},"Australia":{"Adelaide":{"exemplarCity":"แอดิเลด"},"Brisbane":{"exemplarCity":"บริสเบน"},"Broken_Hill":{"exemplarCity":"โบรกเคนฮิลล์"},"Currie":{"exemplarCity":"คูร์รี"},"Darwin":{"exemplarCity":"ดาร์วิน"},"Eucla":{"exemplarCity":"ยูคลา"},"Hobart":{"exemplarCity":"โฮบาร์ต"},"Lindeman":{"exemplarCity":"ลินดีแมน"},"Lord_Howe":{"exemplarCity":"ลอร์ดโฮวี"},"Melbourne":{"exemplarCity":"เมลเบิร์น"},"Perth":{"exemplarCity":"เพิิร์ท"},"Sydney":{"exemplarCity":"ซิดนีย์"}},"Pacific":{"Apia":{"exemplarCity":"อาปีอา"},"Auckland":{"exemplarCity":"โอคแลนด์"},"Bougainville":{"exemplarCity":"Bougainville"},"Chatham":{"exemplarCity":"แชแทม"},"Easter":{"exemplarCity":"อีสเตอร์"},"Efate":{"exemplarCity":"เอฟาเต"},"Enderbury":{"exemplarCity":"เอนเดอร์เบอร์รี"},"Fakaofo":{"exemplarCity":"ฟาเคาโฟ"},"Fiji":{"exemplarCity":"ฟิจิ"},"Funafuti":{"exemplarCity":"ฟูนะฟูตี"},"Galapagos":{"exemplarCity":"กาลาปาโกส"},"Gambier":{"exemplarCity":"แกมเบียร์"},"Guadalcanal":{"exemplarCity":"กัวดัลคานัล"},"Guam":{"exemplarCity":"กวม"},"Honolulu":{"exemplarCity":"โฮโนลูลู"},"Johnston":{"exemplarCity":"จอห์นสตัน"},"Kiritimati":{"exemplarCity":"คิริทิมาตี"},"Kosrae":{"exemplarCity":"คอสแร"},"Kwajalein":{"exemplarCity":"ควาจาเลน"},"Majuro":{"exemplarCity":"มาจูโร"},"Marquesas":{"exemplarCity":"มาร์เควซัส"},"Midway":{"exemplarCity":"มิดเวย์"},"Nauru":{"exemplarCity":"นาอูรู"},"Niue":{"exemplarCity":"นีอูเอ"},"Norfolk":{"exemplarCity":"นอร์ฟอล์ก"},"Noumea":{"exemplarCity":"นูเมอา"},"Pago_Pago":{"exemplarCity":"ปาโก ปาโก"},"Palau":{"exemplarCity":"ปาเลา"},"Pitcairn":{"exemplarCity":"พิตแคร์น"},"Ponape":{"exemplarCity":"โปนาเป"},"Port_Moresby":{"exemplarCity":"พอร์ตมอร์สบี"},"Rarotonga":{"exemplarCity":"ราโรตองกา"},"Saipan":{"exemplarCity":"ไซปัน"},"Tahiti":{"exemplarCity":"ทาฮิติ"},"Tarawa":{"exemplarCity":"ตาระวา"},"Tongatapu":{"exemplarCity":"ตองกาตาปู"},"Truk":{"exemplarCity":"ทรัก"},"Wake":{"exemplarCity":"เวก"},"Wallis":{"exemplarCity":"วาลลิส"}},"Arctic":{"Longyearbyen":{"exemplarCity":"ลองเยียร์เบียน"}},"Antarctica":{"Casey":{"exemplarCity":"เคซีย์"},"Davis":{"exemplarCity":"ดาวีส์"},"DumontDUrville":{"exemplarCity":"ดูมองต์ดูร์วิลล์"},"Macquarie":{"exemplarCity":"แมคควอรี"},"Mawson":{"exemplarCity":"มาว์ซัน"},"McMurdo":{"exemplarCity":"แมคมัวโด"},"Palmer":{"exemplarCity":"พาล์เมอร์"},"Rothera":{"exemplarCity":"โรเทรา"},"Syowa":{"exemplarCity":"เซียวา"},"Troll":{"exemplarCity":"โทรล"},"Vostok":{"exemplarCity":"วอสต็อค"}},"Etc":{"GMT":{"exemplarCity":"GMT"},"GMT1":{"exemplarCity":"GMT+1"},"GMT10":{"exemplarCity":"GMT+10"},"GMT11":{"exemplarCity":"GMT+11"},"GMT12":{"exemplarCity":"GMT+12"},"GMT2":{"exemplarCity":"GMT+2"},"GMT3":{"exemplarCity":"GMT+3"},"GMT4":{"exemplarCity":"GMT+4"},"GMT5":{"exemplarCity":"GMT+5"},"GMT6":{"exemplarCity":"GMT+6"},"GMT7":{"exemplarCity":"GMT+7"},"GMT8":{"exemplarCity":"GMT+8"},"GMT9":{"exemplarCity":"GMT+9"},"GMT-1":{"exemplarCity":"GMT-1"},"GMT-10":{"exemplarCity":"GMT-10"},"GMT-11":{"exemplarCity":"GMT-11"},"GMT-12":{"exemplarCity":"GMT-12"},"GMT-13":{"exemplarCity":"GMT-13"},"GMT-14":{"exemplarCity":"GMT-14"},"GMT-2":{"exemplarCity":"GMT-2"},"GMT-3":{"exemplarCity":"GMT-3"},"GMT-4":{"exemplarCity":"GMT-4"},"GMT-5":{"exemplarCity":"GMT-5"},"GMT-6":{"exemplarCity":"GMT-6"},"GMT-7":{"exemplarCity":"GMT-7"},"GMT-8":{"exemplarCity":"GMT-8"},"GMT-9":{"exemplarCity":"GMT-9"},"Unknown":{"exemplarCity":"เมืองที่ไม่รู้จัก"}}},"metazone":{"Acre":{"long":{"generic":"เวลาอาเกร","standard":"เวลามาตรฐานอาเกร","daylight":"เวลาฤดูร้อนอาเกร"}},"Afghanistan":{"long":{"standard":"เวลาอัฟกานิสถาน"}},"Africa_Central":{"long":{"standard":"เวลาแอฟริกากลาง"}},"Africa_Eastern":{"long":{"standard":"เวลาแอฟริกาตะวันออก"}},"Africa_Southern":{"long":{"standard":"เวลาแอฟริกาใต้"}},"Africa_Western":{"long":{"generic":"เวลาแอฟริกาตะวันตก","standard":"เวลามาตรฐานแอฟริกาตะวันตก","daylight":"เวลาฤดูร้อนแอฟริกาตะวันตก"}},"Alaska":{"long":{"generic":"เวลาอะแลสกา","standard":"เวลามาตรฐานอะแลสกา","daylight":"เวลาออมแสงของอะแลสกา"}},"Almaty":{"long":{"generic":"เวลาอัลมาตี","standard":"เวลามาตรฐานอัลมาตี","daylight":"เวลาฤดูร้อนอัลมาตี"}},"Amazon":{"long":{"generic":"เวลาอะเมซอน","standard":"เวลามาตรฐานอะเมซอน","daylight":"เวลาฤดูร้อนอะเมซอน"}},"America_Central":{"long":{"generic":"เวลาตอนกลางในอเมริกาเหนือ","standard":"เวลามาตรฐานตอนกลางในอเมริกาเหนือ","daylight":"เวลาออมแสงตอนกลางในอเมริกาเหนือ"}},"America_Eastern":{"long":{"generic":"เวลาทางตะวันออกในอเมริกาเหนือ","standard":"เวลามาตรฐานทางตะวันออกในอเมริกาเหนือ","daylight":"เวลาออมแสงทางตะวันออกในอเมริกาเหนือ"}},"America_Mountain":{"long":{"generic":"เวลาแถบภูเขาในอเมริกาเหนือ","standard":"เวลามาตรฐานแถบภูเขาในอเมริกาเหนือ","daylight":"เวลาออมแสงแถบภูเขาในอเมริกาเหนือ"}},"America_Pacific":{"long":{"generic":"เวลาแปซิฟิกในอเมริกาเหนือ","standard":"เวลามาตรฐานแปซิฟิกในอเมริกาเหนือ","daylight":"เวลาออมแสงแปซิฟิกในอเมริกาเหนือ"}},"Anadyr":{"long":{"generic":"เวลาอะนาดีร์","standard":"เวลามาตรฐานอะนาดีร์","daylight":"เวลาฤดูร้อนอะนาดีร์"}},"Apia":{"long":{"generic":"เวลาอาปีอา","standard":"เวลามาตรฐานอาปีอา","daylight":"เวลาออมแสงอาปีอา"}},"Aqtau":{"long":{"generic":"เวลาอัคตาอู","standard":"เวลามาตรฐานอัคตาอู","daylight":"เวลาฤดูร้อนอัคตาอู"}},"Aqtobe":{"long":{"generic":"เวลาอัคโทเบ","standard":"เวลามาตรฐานอัคโทเบ","daylight":"เวลาฤดูร้อนอัคโทเบ"}},"Arabian":{"long":{"generic":"เวลาอาหรับ","standard":"เวลามาตรฐานอาหรับ","daylight":"เวลาออมแสงอาหรับ"}},"Argentina":{"long":{"generic":"เวลาอาร์เจนตินา","standard":"เวลามาตรฐานอาร์เจนตินา","daylight":"เวลาฤดูร้อนอาร์เจนตินา"}},"Argentina_Western":{"long":{"generic":"เวลาตะวันตกของอาร์เจนตินา","standard":"เวลามาตรฐานทางตะวันตกของอาร์เจนตินา","daylight":"เวลาฤดูร้อนทางตะวันตกของอาร์เจนตินา"}},"Armenia":{"long":{"generic":"เวลาอาร์เมเนีย","standard":"เวลามาตรฐานอาร์เมเนีย","daylight":"เวลาฤดูร้อนอาร์เมเนีย"}},"Atlantic":{"long":{"generic":"เวลาแอตแลนติก","standard":"เวลามาตรฐานแอตแลนติก","daylight":"เวลาออมแสงของแอตแลนติก"}},"Australia_Central":{"long":{"generic":"เวลาออสเตรเลียกลาง","standard":"เวลามาตรฐานทางตอนกลางของออสเตรเลีย","daylight":"เวลาออมแสงทางตอนกลางของออสเตรเลีย"}},"Australia_CentralWestern":{"long":{"generic":"เวลาทางตะวันตกตอนกลางของออสเตรเลีย","standard":"เวลามาตรฐานทางตะวันตกตอนกลางของออสเตรเลีย","daylight":"เวลาออมแสงทางตะวันตกตอนกลางของออสเตรเลีย"}},"Australia_Eastern":{"long":{"generic":"เวลาออสเตรเลียตะวันออก","standard":"เวลามาตรฐานทางตะวันออกของออสเตรเลีย","daylight":"เวลาออมแสงทางตะวันออกของออสเตรเลีย"}},"Australia_Western":{"long":{"generic":"เวลาออสเตรเลียตะวันตก","standard":"เวลามาตรฐานทางตะวันตกของออสเตรเลีย","daylight":"เวลาออมแสงทางตะวันตกของออสเตรเลีย"}},"Azerbaijan":{"long":{"generic":"เวลาอาเซอร์ไบจาน","standard":"เวลามาตรฐานอาเซอร์ไบจาน","daylight":"เวลาฤดูร้อนอาเซอร์ไบจาน"}},"Azores":{"long":{"generic":"เวลาอะโซร์ส","standard":"เวลามาตรฐานอะโซร์ส","daylight":"เวลาฤดูร้อนอะโซร์ส"}},"Bangladesh":{"long":{"generic":"เวลาบังกลาเทศ","standard":"เวลามาตรฐานบังกลาเทศ","daylight":"เวลาฤดูร้อนบังกลาเทศ"}},"Bhutan":{"long":{"standard":"เวลาภูฏาน"}},"Bolivia":{"long":{"standard":"เวลาโบลิเวีย"}},"Brasilia":{"long":{"generic":"เวลาบราซิเลีย","standard":"เวลามาตรฐานบราซิเลีย","daylight":"เวลาฤดูร้อนบราซิเลีย"}},"Brunei":{"long":{"standard":"เวลาบรูไนดารุสซาลาม"}},"Cape_Verde":{"long":{"generic":"เวลาเคปเวิร์ด","standard":"เวลามาตรฐานเคปเวิร์ด","daylight":"เวลาฤดูร้อนเคปเวิร์ด"}},"Casey":{"long":{"standard":"เวลาเคซีย์"}},"Chamorro":{"long":{"standard":"เวลาชามอร์โร"}},"Chatham":{"long":{"generic":"เวลาแชทัม","standard":"เวลามาตรฐานแชทัม","daylight":"เวลาออมแสงแชทัม"}},"Chile":{"long":{"generic":"เวลาชิลี","standard":"เวลามาตรฐานชิลี","daylight":"เวลาฤดูร้อนชิลี"}},"China":{"long":{"generic":"เวลาจีน","standard":"เวลามาตรฐานจีน","daylight":"เวลาออมแสงจีน"}},"Choibalsan":{"long":{"generic":"เวลาชอยปาลชาน","standard":"เวลามาตรฐานชอยปาลชาน","daylight":"เวลาฤดูร้อนชอยปาลชาน"}},"Christmas":{"long":{"standard":"เวลาเกาะคริสต์มาส"}},"Cocos":{"long":{"standard":"เวลาหมู่เกาะโคโคส"}},"Colombia":{"long":{"generic":"เวลาโคลอมเบีย","standard":"เวลามาตรฐานโคลอมเบีย","daylight":"เวลาฤดูร้อนโคลอมเบีย"}},"Cook":{"long":{"generic":"เวลาหมู่เกาะคุก","standard":"เวลามาตรฐานหมู่เกาะคุก","daylight":"เวลาครึ่งฤดูร้อนหมู่เกาะคุก"}},"Cuba":{"long":{"generic":"เวลาคิวบา","standard":"เวลามาตรฐานคิวบา","daylight":"เวลาออมแสงของคิวบา"}},"Davis":{"long":{"standard":"เวลาเดวิส"}},"DumontDUrville":{"long":{"standard":"เวลาดูมองต์ดูร์วิลล์"}},"East_Timor":{"long":{"standard":"เวลาติมอร์ตะวันออก"}},"Easter":{"long":{"generic":"เวลาเกาะอีสเตอร์","standard":"เวลามาตรฐานเกาะอีสเตอร์","daylight":"เวลาฤดูร้อนเกาะอีสเตอร์"}},"Ecuador":{"long":{"standard":"เวลาเอกวาดอร์"}},"Europe_Central":{"long":{"generic":"เวลายุโรปกลาง","standard":"เวลามาตรฐานยุโรปกลาง","daylight":"เวลาฤดูร้อนยุโรปกลาง"}},"Europe_Eastern":{"long":{"generic":"เวลายุโรปตะวันออก","standard":"เวลามาตรฐานยุโรปตะวันออก","daylight":"เวลาฤดูร้อนยุโรปตะวันออก"}},"Europe_Further_Eastern":{"long":{"standard":"เวลายุโรปตะวันออกไกล"}},"Europe_Western":{"long":{"generic":"เวลายุโรปตะวันตก","standard":"เวลามาตรฐานยุโรปตะวันตก","daylight":"เวลาฤดูร้อนยุโรปตะวันตก"}},"Falkland":{"long":{"generic":"เวลาหมู่เกาะฟอล์กแลนด์","standard":"เวลามาตรฐานหมู่เกาะฟอล์กแลนด์","daylight":"เวลาฤดูร้อนหมู่เกาะฟอล์กแลนด์"}},"Fiji":{"long":{"generic":"เวลาฟิจิ","standard":"เวลามาตรฐานฟิจิ","daylight":"เวลาฤดูร้อนฟิจิ"}},"French_Guiana":{"long":{"standard":"เวลาเฟรนช์เกียนา"}},"French_Southern":{"long":{"standard":"เวลาเฟรนช์เซาเทิร์นและแอนตาร์กติก"}},"GMT":{"long":{"standard":"เวลามาตรฐานกรีนิช"}},"Galapagos":{"long":{"standard":"เวลากาลาปาโกส"}},"Gambier":{"long":{"standard":"เวลาแกมเบียร์"}},"Georgia":{"long":{"generic":"เวลาจอร์เจีย","standard":"เวลามาตรฐานจอร์เจีย","daylight":"เวลาฤดูร้อนจอร์เจีย"}},"Gilbert_Islands":{"long":{"standard":"เวลาหมู่เกาะกิลเบิร์ต"}},"Greenland_Eastern":{"long":{"generic":"เวลากรีนแลนด์ตะวันออก","standard":"เวลามาตรฐานกรีนแลนด์ตะวันออก","daylight":"เวลาฤดูร้อนกรีนแลนด์ตะวันออก"}},"Greenland_Western":{"long":{"generic":"เวลากรีนแลนด์ตะวันตก","standard":"เวลามาตรฐานกรีนแลนด์ตะวันตก","daylight":"เวลาฤดูร้อนกรีนแลนด์ตะวันตก"}},"Guam":{"long":{"standard":"เวลากวม"}},"Gulf":{"long":{"standard":"เวลากัลฟ์"}},"Guyana":{"long":{"standard":"เวลากายอานา"}},"Hawaii_Aleutian":{"long":{"generic":"เวลาฮาวาย-อะลูเชียน","standard":"เวลามาตรฐานฮาวาย-อะลูเชียน","daylight":"เวลาออมแสงฮาวาย-อะลูเชียน"}},"Hong_Kong":{"long":{"generic":"เวลาฮ่องกง","standard":"เวลามาตรฐานฮ่องกง","daylight":"เวลาฤดูร้อนฮ่องกง"}},"Hovd":{"long":{"generic":"เวลาฮอฟด์","standard":"เวลามาตรฐานฮอฟด์","daylight":"เวลาฤดูร้อนฮอฟด์"}},"India":{"long":{"standard":"เวลาอินเดีย"}},"Indian_Ocean":{"long":{"standard":"เวลามหาสมุทรอินเดีย"}},"Indochina":{"long":{"standard":"เวลาอินโดจีน"}},"Indonesia_Central":{"long":{"standard":"เวลาอินโดนีเซียตอนกลาง"}},"Indonesia_Eastern":{"long":{"standard":"เวลาอินโดนีเซียฝั่งตะวันออก"}},"Indonesia_Western":{"long":{"standard":"เวลาอินโดนีเซียฝั่งตะวันตก"}},"Iran":{"long":{"generic":"เวลาอิหร่าน","standard":"เวลามาตรฐานอิหร่าน","daylight":"เวลาออมแสงอิหร่าน"}},"Irkutsk":{"long":{"generic":"เวลาอีร์คุตสค์","standard":"เวลามาตรฐานอีร์คุตสค์","daylight":"เวลาฤดูร้อนอีร์คุตสค์"}},"Israel":{"long":{"generic":"เวลาอิสราเอล","standard":"เวลามาตรฐานอิสราเอล","daylight":"เวลาออมแสงอิสราเอล"}},"Japan":{"long":{"generic":"เวลาญี่ปุ่น","standard":"เวลามาตรฐานญี่ปุ่น","daylight":"เวลาออมแสงญี่ปุ่น"}},"Kamchatka":{"long":{"generic":"เวลาคัมชัตคา","standard":"เวลาเปโตรปัฟลอฟสค์-คัมชัตสกี","daylight":"เวลาฤดูร้อนเปโตรปัฟลอฟสค์-คัมชัตสกี"}},"Kazakhstan_Eastern":{"long":{"standard":"เวลาคาซัคสถานตะวันออก"}},"Kazakhstan_Western":{"long":{"standard":"เวลาคาซัคสถานตะวันตก"}},"Korea":{"long":{"generic":"เวลาเกาหลี","standard":"เวลามาตรฐานเกาหลี","daylight":"เวลาออมแสงเกาหลี"}},"Kosrae":{"long":{"standard":"เวลาคอสไร"}},"Krasnoyarsk":{"long":{"generic":"เวลาครัสโนยาสค์","standard":"เวลามาตรฐานครัสโนยาสค์","daylight":"เวลาฤดูร้อนครัสโนยาสค์"}},"Kyrgystan":{"long":{"standard":"เวลาคีร์กีซสถาน"}},"Lanka":{"long":{"standard":"เวลาลังกา"}},"Line_Islands":{"long":{"standard":"เวลาหมู่เกาะไลน์"}},"Lord_Howe":{"long":{"generic":"เวลาลอร์ดโฮว","standard":"เวลามาตรฐานลอร์ดโฮว์","daylight":"เวลาออมแสงของลอร์ดโฮว์"}},"Macau":{"long":{"generic":"เวลามาเก๊า","standard":"เวลามาตรฐานมาเก๊า","daylight":"เวลาฤดูร้อนมาเก๊า"}},"Macquarie":{"long":{"standard":"เวลาเกาะแมกควอรี"}},"Magadan":{"long":{"generic":"เวลามากาดาน","standard":"เวลามาตรฐานมากาดาน","daylight":"เวลาฤดูร้อนมากาดาน"}},"Malaysia":{"long":{"standard":"เวลามาเลเซีย"}},"Maldives":{"long":{"standard":"เวลามัลดีฟส์"}},"Marquesas":{"long":{"standard":"เวลามาร์เคซัส"}},"Marshall_Islands":{"long":{"standard":"เวลาหมู่เกาะมาร์แชลล์"}},"Mauritius":{"long":{"generic":"เวลามอริเชียส","standard":"เวลามาตรฐานมอริเชียส","daylight":"เวลาฤดูร้อนของมอริเชียส"}},"Mawson":{"long":{"standard":"เวลามอว์สัน"}},"Mexico_Northwest":{"long":{"generic":"เวลาเม็กซิโกตะวันตกเฉียงเหนือ","standard":"เวลามาตรฐานเม็กซิโกตะวันตกเฉียงเหนือ","daylight":"เวลาออมแสงเม็กซิโกตะวันตกเฉียงเหนือ"}},"Mexico_Pacific":{"long":{"generic":"เวลาแปซิฟิกเม็กซิโก","standard":"เวลามาตรฐานแปซิฟิกเม็กซิโก","daylight":"เวลาออมแสงแปซิฟิกเม็กซิโก"}},"Mongolia":{"long":{"generic":"เวลาอูลานบาตอร์","standard":"เวลามาตรฐานอูลานบาตอร์","daylight":"เวลาฤดูร้อนอูลานบาตอร์"}},"Moscow":{"long":{"generic":"เวลามอสโก","standard":"เวลามาตรฐานมอสโก","daylight":"เวลาฤดูร้อนมอสโก"}},"Myanmar":{"long":{"standard":"เวลาพม่า"}},"Nauru":{"long":{"standard":"เวลานาอูรู"}},"Nepal":{"long":{"standard":"เวลาเนปาล"}},"New_Caledonia":{"long":{"generic":"เวลานิวแคลิโดเนีย","standard":"เวลามาตรฐานนิวแคลิโดเนีย","daylight":"เวลาฤดูร้อนนิวแคลิโดเนีย"}},"New_Zealand":{"long":{"generic":"เวลานิวซีแลนด์","standard":"เวลามาตรฐานนิวซีแลนด์","daylight":"เวลาออมแสงนิวซีแลนด์"}},"Newfoundland":{"long":{"generic":"เวลานิวฟันด์แลนด์","standard":"เวลามาตรฐานนิวฟันด์แลนด์","daylight":"เวลาออมแสงนิวฟันด์แลนด์"}},"Niue":{"long":{"standard":"เวลานีอูเอ"}},"Norfolk":{"long":{"standard":"เวลาเกาะนอร์ฟอล์ก"}},"Noronha":{"long":{"generic":"เวลาหมู่เกาะเฟอร์นันโด","standard":"เวลามาตรฐานหมู่เกาะเฟอร์นันโด","daylight":"เวลาฤดูร้อนของหมู่เกาะเฟอร์นันโด"}},"North_Mariana":{"long":{"standard":"เวลาหมู่เกาะมาเรียนาเหนือ"}},"Novosibirsk":{"long":{"generic":"เวลาโนโวซีบีสค์","standard":"เวลามาตรฐานโนโวซีบีสค์","daylight":"เวลาฤดูร้อนโนโวซีบีสค์"}},"Omsk":{"long":{"generic":"เวลาออมสค์","standard":"เวลามาตรฐานออมสค์","daylight":"เวลาฤดูร้อนออมสค์"}},"Pakistan":{"long":{"generic":"เวลาปากีสถาน","standard":"เวลามาตรฐานปากีสถาน","daylight":"เวลาฤดูร้อนปากีสถาน"}},"Palau":{"long":{"standard":"เวลาปาเลา"}},"Papua_New_Guinea":{"long":{"standard":"เวลาปาปัวนิวกินี"}},"Paraguay":{"long":{"generic":"เวลาปารากวัย","standard":"เวลามาตรฐานปารากวัย","daylight":"เวลาฤดูร้อนปารากวัย"}},"Peru":{"long":{"generic":"เวลาเปรู","standard":"เวลามาตรฐานเปรู","daylight":"เวลาฤดูร้อนเปรู"}},"Philippines":{"long":{"generic":"เวลาฟิลิปปินส์","standard":"เวลามาตรฐานฟิลิปปินส์","daylight":"เวลาฤดูร้อนฟิลิปปินส์"}},"Phoenix_Islands":{"long":{"standard":"เวลาหมู่เกาะฟินิกซ์"}},"Pierre_Miquelon":{"long":{"generic":"เวลาแซงปีแยร์และมีเกอลง","standard":"เวลามาตรฐานแซงปีแยร์และมีเกอลง","daylight":"เวลาออมแสงของแซงปีแยร์และมีเกอลง"}},"Pitcairn":{"long":{"standard":"เวลาพิตแคร์น"}},"Ponape":{"long":{"standard":"เวลาโปเนป"}},"Qyzylorda":{"long":{"generic":"เวลาคืยซิลออร์ดา","standard":"เวลามาตรฐานคืยซิลออร์ดา","daylight":"เวลาฤดูร้อนคืยซิลออร์ดา"}},"Reunion":{"long":{"standard":"เวลาเรอูนียง"}},"Rothera":{"long":{"standard":"เวลาโรธีรา"}},"Sakhalin":{"long":{"generic":"เวลาซาคาลิน","standard":"เวลามาตรฐานซาคาลิน","daylight":"เวลาฤดูร้อนซาคาลิน"}},"Samara":{"long":{"generic":"เวลาซามารา","standard":"เวลามาตรฐานซามารา","daylight":"เวลาฤดูร้อนซามารา"}},"Samoa":{"long":{"generic":"เวลาซามัว","standard":"เวลามาตรฐานซามัว","daylight":"เวลาฤดูร้อนซามัว"}},"Seychelles":{"long":{"standard":"เวลาเซเชลส์"}},"Singapore":{"long":{"standard":"เวลาสิงคโปร์"}},"Solomon":{"long":{"standard":"เวลาหมู่เกาะโซโลมอน"}},"South_Georgia":{"long":{"standard":"เวลาเซาท์จอร์เจีย"}},"Suriname":{"long":{"standard":"เวลาซูรินาเม"}},"Syowa":{"long":{"standard":"เวลาโซวา"}},"Tahiti":{"long":{"standard":"เวลาตาฮีตี"}},"Taipei":{"long":{"generic":"เวลาไทเป","standard":"เวลามาตรฐานไทเป","daylight":"เวลาออมแสงไทเป"}},"Tajikistan":{"long":{"standard":"เวลาทาจิกิสถาน"}},"Tokelau":{"long":{"standard":"เวลาโตเกเลา"}},"Tonga":{"long":{"generic":"เวลาตองกา","standard":"เวลามาตรฐานตองกา","daylight":"เวลาฤดูร้อนตองกา"}},"Truk":{"long":{"standard":"เวลาชุก"}},"Turkmenistan":{"long":{"generic":"เวลาเติร์กเมนิสถาน","standard":"เวลามาตรฐานเติร์กเมนิสถาน","daylight":"เวลาฤดูร้อนเติร์กเมนิสถาน"}},"Tuvalu":{"long":{"standard":"เวลาตูวาลู"}},"Uruguay":{"long":{"generic":"เวลาอุรุกวัย","standard":"เวลามาตรฐานอุรุกวัย","daylight":"เวลาฤดูร้อนอุรุกวัย"}},"Uzbekistan":{"long":{"generic":"เวลาอุซเบกิสถาน","standard":"เวลามาตรฐานอุซเบกิสถาน","daylight":"เวลาฤดูร้อนอุซเบกิสถาน"}},"Vanuatu":{"long":{"generic":"เวลาวานูอาตู","standard":"เวลามาตรฐานวานูอาตู","daylight":"เวลาฤดูร้อนวานูอาตู"}},"Venezuela":{"long":{"standard":"เวลาเวเนซุเอลา"}},"Vladivostok":{"long":{"generic":"เวลาวลาดีวอสตอค","standard":"เวลามาตรฐานวลาดีวอสตอค","daylight":"เวลาฤดูร้อนวลาดีวอสตอค"}},"Volgograd":{"long":{"generic":"เวลาวอลโกกราด","standard":"เวลามาตรฐานวอลโกกราด","daylight":"เวลาฤดูร้อนวอลโกกราด"}},"Vostok":{"long":{"standard":"เวลาวอสตอค"}},"Wake":{"long":{"standard":"เวลาเกาะเวก"}},"Wallis":{"long":{"standard":"เวลาวาลลิสและฟุตูนา"}},"Yakutsk":{"long":{"generic":"เวลายาคุตสค์","standard":"เวลามาตรฐานยาคุตสค์","daylight":"เวลาฤดูร้อนยาคุตสค์"}},"Yekaterinburg":{"long":{"generic":"เวลาเยคาเตรินบูร์ก","standard":"เวลามาตรฐานเยคาเตรินบูร์ก","daylight":"เวลาฤดูร้อนเยคาเตรินบูร์ก"}}}}