{"hourFormat":"+HH:mm;-HH:mm","gmtFormat":"جرينتش%1$s","gmtZeroFormat":"جرينتش","regionFormat":"توقيت %1$s","regionFormat-type-standard":"توقيت %1$s الرسمي","regionFormat-type-daylight":"توقيت %1$s الصيفي","fallbackFormat":"%2$s (%1$s)","zone":{"America":{"Adak":{"exemplarCity":"أداك"},"Anchorage":{"exemplarCity":"أنشوراج"},"Anguilla":{"exemplarCity":"أنغيلا"},"Antigua":{"exemplarCity":"أنتيغوا"},"Araguaina":{"exemplarCity":"أروجوانيا"},"Argentina":{"La_Rioja":{"exemplarCity":"لا ريوجا"},"Rio_Gallegos":{"exemplarCity":"ريو جالييوس"},"Salta":{"exemplarCity":"سالطا"},"San_Juan":{"exemplarCity":"سان خوان"},"San_Luis":{"exemplarCity":"سان لويس"},"Tucuman":{"exemplarCity":"تاكمان"},"Ushuaia":{"exemplarCity":"أشوا"}},"Aruba":{"exemplarCity":"أروبا"},"Asuncion":{"exemplarCity":"أسونسيون"},"Bahia":{"exemplarCity":"باهيا"},"Bahia_Banderas":{"exemplarCity":"باهيا بانديراس"},"Barbados":{"exemplarCity":"بربادوس"},"Belem":{"exemplarCity":"بلم"},"Belize":{"exemplarCity":"بليز"},"Blanc-Sablon":{"exemplarCity":"بلانك-سابلون"},"Boa_Vista":{"exemplarCity":"باو فيستا"},"Bogota":{"exemplarCity":"بوغوتا"},"Boise":{"exemplarCity":"بويس"},"Buenos_Aires":{"exemplarCity":"بوينوس أيرس"},"Cambridge_Bay":{"exemplarCity":"كامبرديج باي"},"Campo_Grande":{"exemplarCity":"كومبو جراند"},"Cancun":{"exemplarCity":"كانكون"},"Caracas":{"exemplarCity":"كاراكاس"},"Catamarca":{"exemplarCity":"كاتاماركا"},"Cayenne":{"exemplarCity":"كايين"},"Cayman":{"exemplarCity":"كيمان"},"Chicago":{"exemplarCity":"شيكاغو"},"Chihuahua":{"exemplarCity":"تشيواوا"},"Coral_Harbour":{"exemplarCity":"كورال هاربر"},"Cordoba":{"exemplarCity":"كوردوبا"},"Costa_Rica":{"exemplarCity":"كوستاريكا"},"Creston":{"exemplarCity":"كريستون"},"Cuiaba":{"exemplarCity":"كيابا"},"Curacao":{"exemplarCity":"كوراكاو"},"Danmarkshavn":{"exemplarCity":"دانمرك شافن"},"Dawson":{"exemplarCity":"داوسان"},"Dawson_Creek":{"exemplarCity":"داوسن كريك"},"Denver":{"exemplarCity":"دنفر"},"Detroit":{"exemplarCity":"ديترويت"},"Dominica":{"exemplarCity":"دومينيكا"},"Edmonton":{"exemplarCity":"ايدمونتون"},"Eirunepe":{"exemplarCity":"ايرونبي"},"El_Salvador":{"exemplarCity":"السلفادور"},"Fortaleza":{"exemplarCity":"فورتاليزا"},"Glace_Bay":{"exemplarCity":"جلاس باي"},"Godthab":{"exemplarCity":"غودثاب"},"Goose_Bay":{"exemplarCity":"جوس باي"},"Grand_Turk":{"exemplarCity":"غراند ترك"},"Grenada":{"exemplarCity":"غرينادا"},"Guadeloupe":{"exemplarCity":"غوادلوب"},"Guatemala":{"exemplarCity":"غواتيمالا"},"Guayaquil":{"exemplarCity":"غواياكويل"},"Guyana":{"exemplarCity":"غيانا"},"Halifax":{"exemplarCity":"هاليفاكس"},"Havana":{"exemplarCity":"هافانا"},"Hermosillo":{"exemplarCity":"هيرموسيلو"},"Indiana":{"Knox":{"exemplarCity":"كونكس"},"Marengo":{"exemplarCity":"مارنجو"},"Petersburg":{"exemplarCity":"بيترسبرغ"},"Tell_City":{"exemplarCity":"مدينة تل، إنديانا"},"Vevay":{"exemplarCity":"فيفاي"},"Vincennes":{"exemplarCity":"فينسينس"},"Winamac":{"exemplarCity":"ويناماك"}},"Indianapolis":{"exemplarCity":"إنديانابوليس"},"Inuvik":{"exemplarCity":"اينوفيك"},"Iqaluit":{"exemplarCity":"اكويلت"},"Jamaica":{"exemplarCity":"جامايكا"},"Jujuy":{"exemplarCity":"جوجو"},"Juneau":{"exemplarCity":"جوني"},"Kentucky":{"Monticello":{"exemplarCity":"مونتيسيلو"}},"Kralendijk":{"exemplarCity":"كرالنديك"},"La_Paz":{"exemplarCity":"لا باز"},"Lima":{"exemplarCity":"ليما"},"Los_Angeles":{"exemplarCity":"لوس انجلوس"},"Louisville":{"exemplarCity":"لويس فيل"},"Lower_Princes":{"exemplarCity":"حي الأمير السفلي"},"Maceio":{"exemplarCity":"ماشيو"},"Managua":{"exemplarCity":"ماناغوا"},"Manaus":{"exemplarCity":"ماناوس"},"Marigot":{"exemplarCity":"ماريغوت"},"Martinique":{"exemplarCity":"المارتينيك"},"Matamoros":{"exemplarCity":"ماتاموروس"},"Mazatlan":{"exemplarCity":"مازاتلان"},"Mendoza":{"exemplarCity":"ميندوزا"},"Menominee":{"exemplarCity":"مينوميني"},"Merida":{"exemplarCity":"ميريدا"},"Metlakatla":{"exemplarCity":"ميتلاكاتلا"},"Mexico_City":{"exemplarCity":"مدينة المكسيك"},"Miquelon":{"exemplarCity":"ميكولن"},"Moncton":{"exemplarCity":"وينكتون"},"Monterrey":{"exemplarCity":"مونتيري"},"Montevideo":{"exemplarCity":"مونتفيديو"},"Montserrat":{"exemplarCity":"مونتسيرات"},"Nassau":{"exemplarCity":"ناسو"},"New_York":{"exemplarCity":"نيويورك"},"Nipigon":{"exemplarCity":"نيبيجون"},"Nome":{"exemplarCity":"نوم"},"Noronha":{"exemplarCity":"نوروناه"},"North_Dakota":{"Beulah":{"exemplarCity":"بيولا، داكوتا الشمالية"},"Center":{"exemplarCity":"سنتر"},"New_Salem":{"exemplarCity":"نيو ساليم"}},"Ojinaga":{"exemplarCity":"أوجيناجا"},"Panama":{"exemplarCity":"بنما"},"Pangnirtung":{"exemplarCity":"بانجينتينج"},"Paramaribo":{"exemplarCity":"باراماريبو"},"Phoenix":{"exemplarCity":"فينكس"},"Port-au-Prince":{"exemplarCity":"بورت أو برنس"},"Port_of_Spain":{"exemplarCity":"بورت أوف سبين"},"Porto_Velho":{"exemplarCity":"بورتو فيلو"},"Puerto_Rico":{"exemplarCity":"بورتوريكو"},"Rainy_River":{"exemplarCity":"راني ريفر"},"Rankin_Inlet":{"exemplarCity":"رانكن انلت"},"Recife":{"exemplarCity":"ريسيف"},"Regina":{"exemplarCity":"ريجينا"},"Resolute":{"exemplarCity":"ريزولوت"},"Rio_Branco":{"exemplarCity":"ريوبرانكو"},"Santa_Isabel":{"exemplarCity":"سانتا إيزابيل"},"Santarem":{"exemplarCity":"سانتاريم"},"Santiago":{"exemplarCity":"سانتياغو"},"Santo_Domingo":{"exemplarCity":"سانتو دومينغو"},"Sao_Paulo":{"exemplarCity":"ساو باولو"},"Scoresbysund":{"exemplarCity":"سكورسبيسند"},"Sitka":{"exemplarCity":"سيتكا"},"St_Barthelemy":{"exemplarCity":"سانت بارتيليمي"},"St_Johns":{"exemplarCity":"سانت جونس"},"St_Kitts":{"exemplarCity":"سانت كيتس"},"St_Lucia":{"exemplarCity":"سانت لوشيا"},"St_Thomas":{"exemplarCity":"سانت توماس"},"St_Vincent":{"exemplarCity":"سانت فنسنت"},"Swift_Current":{"exemplarCity":"سوفت كارنت"},"Tegucigalpa":{"exemplarCity":"تيغوسيغالبا"},"Thule":{"exemplarCity":"ثيل"},"Thunder_Bay":{"exemplarCity":"ثندر باي"},"Tijuana":{"exemplarCity":"تيخوانا"},"Toronto":{"exemplarCity":"تورونتو"},"Tortola":{"exemplarCity":"تورتولا"},"Vancouver":{"exemplarCity":"فانكوفر"},"Whitehorse":{"exemplarCity":"وايت هورس"},"Winnipeg":{"exemplarCity":"وينيبيج"},"Yakutat":{"exemplarCity":"ياكوتات"},"Yellowknife":{"exemplarCity":"يلونيف"}},"Atlantic":{"Azores":{"exemplarCity":"أزورس"},"Bermuda":{"exemplarCity":"برمودا"},"Canary":{"exemplarCity":"كناري"},"Cape_Verde":{"exemplarCity":"الرأس الأخضر"},"Faeroe":{"exemplarCity":"فارو"},"Madeira":{"exemplarCity":"ماديرا"},"Reykjavik":{"exemplarCity":"ريكيافيك"},"South_Georgia":{"exemplarCity":"جورجيا الجنوبية"},"St_Helena":{"exemplarCity":"سانت هيلينا"},"Stanley":{"exemplarCity":"استانلي"}},"Europe":{"Amsterdam":{"exemplarCity":"أمستردام"},"Andorra":{"exemplarCity":"أندورا"},"Athens":{"exemplarCity":"أثينا"},"Belgrade":{"exemplarCity":"بلغراد"},"Berlin":{"exemplarCity":"برلين"},"Bratislava":{"exemplarCity":"براتيسلافا"},"Brussels":{"exemplarCity":"بروكسل"},"Bucharest":{"exemplarCity":"بوخارست"},"Budapest":{"exemplarCity":"بودابست"},"Busingen":{"exemplarCity":"بوسنغن"},"Chisinau":{"exemplarCity":"تشيسيناو"},"Copenhagen":{"exemplarCity":"كوبنهاغن"},"Dublin":{"long":{"daylight":"توقيت أيرلندا الرسمي"},"exemplarCity":"دبلن"},"Gibraltar":{"exemplarCity":"جبل طارق"},"Guernsey":{"exemplarCity":"غيرنسي"},"Helsinki":{"exemplarCity":"هلسنكي"},"Isle_of_Man":{"exemplarCity":"جزيرة مان"},"Istanbul":{"exemplarCity":"إسطنبول"},"Jersey":{"exemplarCity":"جيرسي"},"Kaliningrad":{"exemplarCity":"كالينجراد"},"Kiev":{"exemplarCity":"كييف"},"Lisbon":{"exemplarCity":"لشبونة"},"Ljubljana":{"exemplarCity":"ليوبليانا"},"London":{"long":{"daylight":"توقيت بريطانيا الصيفي"},"exemplarCity":"لندن"},"Luxembourg":{"exemplarCity":"لوكسمبورغ"},"Madrid":{"exemplarCity":"مدريد"},"Malta":{"exemplarCity":"مالطة"},"Mariehamn":{"exemplarCity":"ماريهامن"},"Minsk":{"exemplarCity":"مينسك"},"Monaco":{"exemplarCity":"موناكو"},"Moscow":{"exemplarCity":"موسكو"},"Oslo":{"exemplarCity":"أوسلو"},"Paris":{"exemplarCity":"باريس"},"Podgorica":{"exemplarCity":"بودغوريكا"},"Prague":{"exemplarCity":"براغ"},"Riga":{"exemplarCity":"ريغا"},"Rome":{"exemplarCity":"روما"},"Samara":{"exemplarCity":"سمراء"},"San_Marino":{"exemplarCity":"سان مارينو"},"Sarajevo":{"exemplarCity":"سراييفو"},"Simferopol":{"exemplarCity":"سيمفروبول"},"Skopje":{"exemplarCity":"سكوبي"},"Sofia":{"exemplarCity":"صوفيا"},"Stockholm":{"exemplarCity":"ستوكهولم"},"Tallinn":{"exemplarCity":"تالين"},"Tirane":{"exemplarCity":"تيرانا"},"Uzhgorod":{"exemplarCity":"أوزجرود"},"Vaduz":{"exemplarCity":"فادوز"},"Vatican":{"exemplarCity":"الفاتيكان"},"Vienna":{"exemplarCity":"فيينا"},"Vilnius":{"exemplarCity":"فيلنيوس"},"Volgograd":{"exemplarCity":"فولوجراد"},"Warsaw":{"exemplarCity":"وارسو"},"Zagreb":{"exemplarCity":"زغرب"},"Zaporozhye":{"exemplarCity":"زابوروزي"},"Zurich":{"exemplarCity":"زيورخ"}},"Africa":{"Abidjan":{"exemplarCity":"أبيدجان"},"Accra":{"exemplarCity":"أكرا"},"Addis_Ababa":{"exemplarCity":"أديس أبابا"},"Algiers":{"exemplarCity":"الجزائر"},"Asmera":{"exemplarCity":"أسمرة"},"Bamako":{"exemplarCity":"باماكو"},"Bangui":{"exemplarCity":"بانغوي"},"Banjul":{"exemplarCity":"بانجول"},"Bissau":{"exemplarCity":"بيساو"},"Blantyre":{"exemplarCity":"بلانتاير"},"Brazzaville":{"exemplarCity":"برازافيل"},"Bujumbura":{"exemplarCity":"بوجومبورا"},"Cairo":{"exemplarCity":"القاهرة"},"Casablanca":{"exemplarCity":"الدار البيضاء"},"Ceuta":{"exemplarCity":"سيتا"},"Conakry":{"exemplarCity":"كوناكري"},"Dakar":{"exemplarCity":"داكار"},"Dar_es_Salaam":{"exemplarCity":"دار السلام"},"Djibouti":{"exemplarCity":"جيبوتي"},"Douala":{"exemplarCity":"دوالا"},"El_Aaiun":{"exemplarCity":"العيون"},"Freetown":{"exemplarCity":"فري تاون"},"Gaborone":{"exemplarCity":"غابورون"},"Harare":{"exemplarCity":"هراري"},"Johannesburg":{"exemplarCity":"جوهانسبرغ"},"Juba":{"exemplarCity":"جوبا"},"Kampala":{"exemplarCity":"كامبالا"},"Khartoum":{"exemplarCity":"الخرطوم"},"Kigali":{"exemplarCity":"كيغالي"},"Kinshasa":{"exemplarCity":"كينشاسا"},"Lagos":{"exemplarCity":"لاغوس"},"Libreville":{"exemplarCity":"ليبرفيل"},"Lome":{"exemplarCity":"لومي"},"Luanda":{"exemplarCity":"لواندا"},"Lubumbashi":{"exemplarCity":"لومبباشا"},"Lusaka":{"exemplarCity":"لوساكا"},"Malabo":{"exemplarCity":"مالابو"},"Maputo":{"exemplarCity":"مابوتو"},"Maseru":{"exemplarCity":"ماسيرو"},"Mbabane":{"exemplarCity":"مباباني"},"Mogadishu":{"exemplarCity":"مقديشيو"},"Monrovia":{"exemplarCity":"مونروفيا"},"Nairobi":{"exemplarCity":"نيروبي"},"Ndjamena":{"exemplarCity":"نجامينا"},"Niamey":{"exemplarCity":"نيامي"},"Nouakchott":{"exemplarCity":"نواكشوط"},"Ouagadougou":{"exemplarCity":"واغادوغو"},"Porto-Novo":{"exemplarCity":"بورتو نوفو"},"Sao_Tome":{"exemplarCity":"ساو تومي"},"Tripoli":{"exemplarCity":"طرابلس"},"Tunis":{"exemplarCity":"تونس"},"Windhoek":{"exemplarCity":"ويندهوك"}},"Asia":{"Aden":{"exemplarCity":"عدن"},"Almaty":{"exemplarCity":"ألماتي"},"Amman":{"exemplarCity":"عمان"},"Anadyr":{"exemplarCity":"أندير"},"Aqtau":{"exemplarCity":"أكتاو"},"Aqtobe":{"exemplarCity":"أكتوب"},"Ashgabat":{"exemplarCity":"عشق آباد"},"Baghdad":{"exemplarCity":"بغداد"},"Bahrain":{"exemplarCity":"البحرين"},"Baku":{"exemplarCity":"باكو"},"Bangkok":{"exemplarCity":"بانكوك"},"Beirut":{"exemplarCity":"بيروت"},"Bishkek":{"exemplarCity":"بشكيك"},"Brunei":{"exemplarCity":"بروناي"},"Calcutta":{"exemplarCity":"كالكتا"},"Chita":{"exemplarCity":"Chita"},"Choibalsan":{"exemplarCity":"تشوبالسان"},"Colombo":{"exemplarCity":"كولومبو"},"Damascus":{"exemplarCity":"دمشق"},"Dhaka":{"exemplarCity":"دكا"},"Dili":{"exemplarCity":"ديلي"},"Dubai":{"exemplarCity":"دبي"},"Dushanbe":{"exemplarCity":"دوشانبي"},"Gaza":{"exemplarCity":"غزة"},"Hebron":{"exemplarCity":"هيبرون (مدينة الخليل)"},"Hong_Kong":{"exemplarCity":"هونغ كونغ"},"Hovd":{"exemplarCity":"هوفد"},"Irkutsk":{"exemplarCity":"ايركيتسك"},"Jakarta":{"exemplarCity":"جاكرتا"},"Jayapura":{"exemplarCity":"جايابيورا"},"Jerusalem":{"exemplarCity":"القدس"},"Kabul":{"exemplarCity":"كابول"},"Kamchatka":{"exemplarCity":"كامتشاتكا"},"Karachi":{"exemplarCity":"كراتشي"},"Katmandu":{"exemplarCity":"كاتماندو"},"Khandyga":{"exemplarCity":"خانديجا"},"Krasnoyarsk":{"exemplarCity":"كراسنويارسك"},"Kuala_Lumpur":{"exemplarCity":"كوالا لامبور"},"Kuching":{"exemplarCity":"كيشينج"},"Kuwait":{"exemplarCity":"الكويت"},"Macau":{"exemplarCity":"ماكاو"},"Magadan":{"exemplarCity":"مجادن"},"Makassar":{"exemplarCity":"ماكسار"},"Manila":{"exemplarCity":"مانيلا"},"Muscat":{"exemplarCity":"مسقط"},"Nicosia":{"exemplarCity":"نيقوسيا"},"Novokuznetsk":{"exemplarCity":"نوفوكوزنتسك"},"Novosibirsk":{"exemplarCity":"نوفوسبيرسك"},"Omsk":{"exemplarCity":"أومسك"},"Oral":{"exemplarCity":"أورال"},"Phnom_Penh":{"exemplarCity":"بنوم بنه"},"Pontianak":{"exemplarCity":"بونتيانك"},"Pyongyang":{"exemplarCity":"بيونغ يانغ"},"Qatar":{"exemplarCity":"قطر"},"Qyzylorda":{"exemplarCity":"كيزيلوردا"},"Rangoon":{"exemplarCity":"رانغون"},"Riyadh":{"exemplarCity":"الرياض"},"Saigon":{"exemplarCity":"مدينة هو تشي منة"},"Sakhalin":{"exemplarCity":"سكالين"},"Samarkand":{"exemplarCity":"سمرقند"},"Seoul":{"exemplarCity":"سول"},"Shanghai":{"exemplarCity":"شنغهاي"},"Singapore":{"exemplarCity":"سنغافورة"},"Srednekolymsk":{"exemplarCity":"Srednekolymsk"},"Taipei":{"exemplarCity":"تايبيه"},"Tashkent":{"exemplarCity":"طشقند"},"Tbilisi":{"exemplarCity":"تبليسي"},"Tehran":{"exemplarCity":"طهران"},"Thimphu":{"exemplarCity":"تيمفو"},"Tokyo":{"exemplarCity":"طوكيو"},"Ulaanbaatar":{"exemplarCity":"آلانباتار"},"Urumqi":{"exemplarCity":"أرومكي"},"Ust-Nera":{"exemplarCity":"أوست نيرا"},"Vientiane":{"exemplarCity":"فيانتيان"},"Vladivostok":{"exemplarCity":"فلاديفوستك"},"Yakutsk":{"exemplarCity":"ياكتسك"},"Yekaterinburg":{"exemplarCity":"يكاترنبيرج"},"Yerevan":{"exemplarCity":"يريفان"}},"Indian":{"Antananarivo":{"exemplarCity":"أنتاناناريفو"},"Chagos":{"exemplarCity":"تشاغوس"},"Christmas":{"exemplarCity":"كريسماس"},"Cocos":{"exemplarCity":"كوكوس"},"Comoro":{"exemplarCity":"جزر القمر"},"Kerguelen":{"exemplarCity":"كيرغويلين"},"Mahe":{"exemplarCity":"ماهي"},"Maldives":{"exemplarCity":"المالديف"},"Mauritius":{"exemplarCity":"موريشيوس"},"Mayotte":{"exemplarCity":"مايوت"},"Reunion":{"exemplarCity":"ريونيون"}},"Australia":{"Adelaide":{"exemplarCity":"أديليد"},"Brisbane":{"exemplarCity":"برسيبان"},"Broken_Hill":{"exemplarCity":"بروكن هيل"},"Currie":{"exemplarCity":"كوري"},"Darwin":{"exemplarCity":"دارون"},"Eucla":{"exemplarCity":"أوكلا"},"Hobart":{"exemplarCity":"هوبارت"},"Lindeman":{"exemplarCity":"ليندمان"},"Lord_Howe":{"exemplarCity":"لورد هاو"},"Melbourne":{"exemplarCity":"ميلبورن"},"Perth":{"exemplarCity":"برثا"},"Sydney":{"exemplarCity":"سيدني"}},"Pacific":{"Apia":{"exemplarCity":"أبيا"},"Auckland":{"exemplarCity":"أوكلاند"},"Bougainville":{"exemplarCity":"Bougainville"},"Chatham":{"exemplarCity":"تشاثام"},"Easter":{"exemplarCity":"استر"},"Efate":{"exemplarCity":"إيفات"},"Enderbury":{"exemplarCity":"اندربيرج"},"Fakaofo":{"exemplarCity":"فاكاوفو"},"Fiji":{"exemplarCity":"فيجي"},"Funafuti":{"exemplarCity":"فونافوتي"},"Galapagos":{"exemplarCity":"جلاباجوس"},"Gambier":{"exemplarCity":"جامبير"},"Guadalcanal":{"exemplarCity":"غوادالكانال"},"Guam":{"exemplarCity":"غوام"},"Honolulu":{"exemplarCity":"هونولولو"},"Johnston":{"exemplarCity":"جونستون"},"Kiritimati":{"exemplarCity":"كيريتي ماتي"},"Kosrae":{"exemplarCity":"كوسرا"},"Kwajalein":{"exemplarCity":"كواجالين"},"Majuro":{"exemplarCity":"ماجورو"},"Marquesas":{"exemplarCity":"ماركيساس"},"Midway":{"exemplarCity":"ميدواي"},"Nauru":{"exemplarCity":"ناورو"},"Niue":{"exemplarCity":"نيوي"},"Norfolk":{"exemplarCity":"نورفولك"},"Noumea":{"exemplarCity":"نوميا"},"Pago_Pago":{"exemplarCity":"باغو باغو"},"Palau":{"exemplarCity":"بالاو"},"Pitcairn":{"exemplarCity":"بيتكيرن"},"Ponape":{"exemplarCity":"باناب"},"Port_Moresby":{"exemplarCity":"بور مورسبي"},"Rarotonga":{"exemplarCity":"راروتونغا"},"Saipan":{"exemplarCity":"سايبان"},"Tahiti":{"exemplarCity":"تاهيتي"},"Tarawa":{"exemplarCity":"تاراوا"},"Tongatapu":{"exemplarCity":"تونغاتابو"},"Truk":{"exemplarCity":"ترك"},"Wake":{"exemplarCity":"واك"},"Wallis":{"exemplarCity":"واليس"}},"Arctic":{"Longyearbyen":{"exemplarCity":"لونجيربين"}},"Antarctica":{"Casey":{"exemplarCity":"كاساي"},"Davis":{"exemplarCity":"دافيز"},"DumontDUrville":{"exemplarCity":"دي مونت دو روفيل"},"Macquarie":{"exemplarCity":"ماكواري"},"Mawson":{"exemplarCity":"ماوسون"},"McMurdo":{"exemplarCity":"ماك موردو"},"Palmer":{"exemplarCity":"بالمير"},"Rothera":{"exemplarCity":"روثيرا"},"Syowa":{"exemplarCity":"سايووا"},"Troll":{"exemplarCity":"ترول"},"Vostok":{"exemplarCity":"فوستوك"}},"Etc":{"GMT":{"exemplarCity":"GMT"},"GMT1":{"exemplarCity":"GMT+1"},"GMT10":{"exemplarCity":"GMT+10"},"GMT11":{"exemplarCity":"GMT+11"},"GMT12":{"exemplarCity":"GMT+12"},"GMT2":{"exemplarCity":"GMT+2"},"GMT3":{"exemplarCity":"GMT+3"},"GMT4":{"exemplarCity":"GMT+4"},"GMT5":{"exemplarCity":"GMT+5"},"GMT6":{"exemplarCity":"GMT+6"},"GMT7":{"exemplarCity":"GMT+7"},"GMT8":{"exemplarCity":"GMT+8"},"GMT9":{"exemplarCity":"GMT+9"},"GMT-1":{"exemplarCity":"GMT-1"},"GMT-10":{"exemplarCity":"GMT-10"},"GMT-11":{"exemplarCity":"GMT-11"},"GMT-12":{"exemplarCity":"GMT-12"},"GMT-13":{"exemplarCity":"GMT-13"},"GMT-14":{"exemplarCity":"GMT-14"},"GMT-2":{"exemplarCity":"GMT-2"},"GMT-3":{"exemplarCity":"GMT-3"},"GMT-4":{"exemplarCity":"GMT-4"},"GMT-5":{"exemplarCity":"GMT-5"},"GMT-6":{"exemplarCity":"GMT-6"},"GMT-7":{"exemplarCity":"GMT-7"},"GMT-8":{"exemplarCity":"GMT-8"},"GMT-9":{"exemplarCity":"GMT-9"},"Unknown":{"exemplarCity":"مدينة غير معروفة"}}},"metazone":{"Afghanistan":{"long":{"standard":"توقيت أفغانستان"}},"Africa_Central":{"long":{"standard":"توقيت وسط أفريقيا"}},"Africa_Eastern":{"long":{"standard":"توقيت شرق أفريقيا"}},"Africa_Southern":{"long":{"standard":"توقيت جنوب أفريقيا"}},"Africa_Western":{"long":{"generic":"توقيت غرب أفريقيا","standard":"توقيت غرب أفريقيا الرسمي","daylight":"توقيت غرب أفريقيا الصيفي"}},"Alaska":{"long":{"generic":"توقيت ألاسكا","standard":"التوقيت الرسمي لألاسكا","daylight":"توقيت ألاسكا الصيفي"}},"Amazon":{"long":{"generic":"توقيت الأمازون","standard":"توقيت الأمازون الرسمي","daylight":"توقيت الأمازون الصيفي"}},"America_Central":{"long":{"generic":"التوقيت المركزي لأمريكا الشمالية","standard":"التوقيت الرسمي المركزي لأمريكا الشمالية","daylight":"التوقيت الصيفي المركزي لأمريكا الشمالية"}},"America_Eastern":{"long":{"generic":"التوقيت الشرقي لأمريكا الشمالية","standard":"التوقيت الرسمي الشرقي لأمريكا الشمالية","daylight":"التوقيت الصيفي الشرقي لأمريكا الشمالية"}},"America_Mountain":{"long":{"generic":"التوقيت الجبلي لأمريكا الشمالية","standard":"التوقيت الجبلي الرسمي لأمريكا الشمالية","daylight":"التوقيت الجبلي الصيفي لأمريكا الشمالية"}},"America_Pacific":{"long":{"generic":"توقيت المحيط الهادي","standard":"توقيت المحيط الهادي الرسمي","daylight":"توقيت المحيط الهادي الصيفي"}},"Anadyr":{"long":{"generic":"توقيت أنادير","standard":"توقيت أنادير الرسمي","daylight":"التوقيت الصيفي لأنادير"}},"Apia":{"long":{"generic":"توقيت آبيا","standard":"التوقيت الرسمي لآبيا","daylight":"التوقيت الصيفي لأبيا"}},"Arabian":{"long":{"generic":"التوقيت العربي","standard":"التوقيت العربي الرسمي","daylight":"التوقيت العربي الصيفي"}},"Argentina":{"long":{"generic":"توقيت الأرجنتين","standard":"توقيت الأرجنتين الرسمي","daylight":"توقيت الأرجنتين الصيفي"}},"Argentina_Western":{"long":{"generic":"توقيت غرب الأرجنتين","standard":"توقيت غرب الأرجنتين الرسمي","daylight":"توقيت غرب الأرجنتين الصيفي"}},"Armenia":{"long":{"generic":"توقيت أرمينيا","standard":"توقيت أرمينيا الرسمي","daylight":"توقيت أرمينيا الصيفي"}},"Atlantic":{"long":{"generic":"توقيت الأطلسي","standard":"التوقيت الرسمي الأطلسي","daylight":"التوقيت الصيفي الأطلسي"}},"Australia_Central":{"long":{"generic":"توقيت وسط أستراليا","standard":"توقيت وسط أستراليا الرسمي","daylight":"توقيت وسط أستراليا الصيفي"}},"Australia_CentralWestern":{"long":{"generic":"توقيت غرب وسط أستراليا","standard":"توقيت غرب وسط أستراليا الرسمي","daylight":"توقيت غرب وسط أستراليا الصيفي"}},"Australia_Eastern":{"long":{"generic":"توقيت شرق أستراليا","standard":"توقيت شرق أستراليا الرسمي","daylight":"توقيت شرق أستراليا الصيفي"}},"Australia_Western":{"long":{"generic":"توقيت غرب أستراليا","standard":"توقيت غرب أستراليا الرسمي","daylight":"توقيت غرب أستراليا الصيفي"}},"Azerbaijan":{"long":{"generic":"توقيت أذربيجان","standard":"توقيت أذربيجان الرسمي","daylight":"توقيت أذربيجان الصيفي"}},"Azores":{"long":{"generic":"توقيت أزورس","standard":"توقيت أزورس الرسمي","daylight":"توقيت أزورس الصيفي"}},"Bangladesh":{"long":{"generic":"توقيت بنجلاديش","standard":"توقيت بنجلاديش الرسمي","daylight":"توقيت بنجلاديش الصيفي"}},"Bhutan":{"long":{"standard":"توقيت بوتان"}},"Bolivia":{"long":{"standard":"توقيت بوليفيا"}},"Brasilia":{"long":{"generic":"توقيت برازيليا","standard":"توقيت برازيليا الرسمي","daylight":"توقيت برازيليا الصيفي"}},"Brunei":{"long":{"standard":"توقيت بروناي"}},"Cape_Verde":{"long":{"generic":"توقيت الرأس الأخضر","standard":"توقيت الرأس الأخضر الرسمي","daylight":"توقيت الرأس الأخضر الصيفي"}},"Chamorro":{"long":{"standard":"توقيت تشامورو"}},"Chatham":{"long":{"generic":"توقيت تشاتام","standard":"توقيت تشاتام الرسمي","daylight":"توقيت تشاتام الصيفي"}},"Chile":{"long":{"generic":"توقيت شيلي","standard":"توقيت شيلي الرسمي","daylight":"توقيت شيلي الصيفي"}},"China":{"long":{"generic":"توقيت الصين","standard":"توقيت الصين الرسمي","daylight":"توقيت الصين الصيفي"}},"Choibalsan":{"long":{"generic":"توقيت شويبالسان","standard":"توقيت شويبالسان الرسمي","daylight":"التوقيت الصيفي لشويبالسان"}},"Christmas":{"long":{"standard":"توقيت جزر الكريسماس"}},"Cocos":{"long":{"standard":"توقيت جزر كوكوس"}},"Colombia":{"long":{"generic":"توقيت كولومبيا","standard":"توقيت كولومبيا الرسمي","daylight":"توقيت كولومبيا الصيفي"}},"Cook":{"long":{"generic":"توقيت جزر كووك","standard":"توقيت جزر كووك الرسمي","daylight":"توقيت جزر كووك الصيفي"}},"Cuba":{"long":{"generic":"توقيت كوبا","standard":"توقيت كوبا الرسمي","daylight":"توقيت كوبا الصيفي"}},"Davis":{"long":{"standard":"توقيت دافيز"}},"DumontDUrville":{"long":{"standard":"توقيت دي مونت دو روفيل"}},"East_Timor":{"long":{"standard":"توقيت تيمور الشرقية"}},"Easter":{"long":{"generic":"توقيت جزيرة استر","standard":"توقيت جزيرة استر الرسمي","daylight":"توقيت جزيرة استر الصيفي"}},"Ecuador":{"long":{"standard":"توقيت الإكوادور"}},"Europe_Central":{"long":{"generic":"توقيت وسط أوروبا","standard":"توقيت وسط أوروبا الرسمي","daylight":"توقيت وسط أوروبا الصيفي"}},"Europe_Eastern":{"long":{"generic":"توقيت شرق أوروبا","standard":"توقيت شرق أوروبا الرسمي","daylight":"توقيت شرق أوروبا الصيفي"}},"Europe_Further_Eastern":{"long":{"standard":"التوقيت الأوروبي (أكثر شرقًا)"}},"Europe_Western":{"long":{"generic":"توقيت غرب أوروبا","standard":"توقيت غرب أوروبا الرسمي","daylight":"توقيت غرب أوروبا الصيفي"}},"Falkland":{"long":{"generic":"توقيت جزر فوكلاند","standard":"توقيت جزر فوكلاند الرسمي","daylight":"توقيت جزر فوكلاند الصيفي"}},"Fiji":{"long":{"generic":"توقيت فيجي","standard":"توقيت فيجي الرسمي","daylight":"توقيت فيجي الصيفي"}},"French_Guiana":{"long":{"standard":"توقيت غويانا الفرنسية"}},"French_Southern":{"long":{"standard":"توقيت المقاطعات الفرنسية الجنوبية والأنتارتيكية"}},"GMT":{"long":{"standard":"توقيت غرينتش"}},"Galapagos":{"long":{"standard":"توقيت غلاباغوس"}},"Gambier":{"long":{"standard":"توقيت جامبير"}},"Georgia":{"long":{"generic":"توقيت جورجيا","standard":"توقيت جورجيا الرسمي","daylight":"توقيت جورجيا الصيفي"}},"Gilbert_Islands":{"long":{"standard":"توقيت جزر جيلبرت"}},"Greenland_Eastern":{"long":{"generic":"توقيت شرق غرينلاند","standard":"توقيت شرق غرينلاند الرسمي","daylight":"توقيت شرق غرينلاند الصيفي"}},"Greenland_Western":{"long":{"generic":"توقيت غرب غرينلاند","standard":"توقيت غرب غرينلاند الرسمي","daylight":"توقيت غرب غرينلاند الصيفي"}},"Guam":{"long":{"standard":"توقيت غوام"}},"Gulf":{"long":{"standard":"توقيت الخليج"}},"Guyana":{"long":{"standard":"توقيت غيانا"}},"Hawaii_Aleutian":{"long":{"generic":"توقيت هاواي ألوتيان","standard":"توقيت هاواي ألوتيان الرسمي","daylight":"توقيت هاواي ألوتيان الصيفي"}},"Hong_Kong":{"long":{"generic":"توقيت هونغ كونغ","standard":"توقيت هونغ كونغ الرسمي","daylight":"توقيت هونغ كونغ الصيفي"}},"Hovd":{"long":{"generic":"توقيت هوفد","standard":"توقيت هوفد الرسمي","daylight":"توقيت هوفد الصيفي"}},"India":{"long":{"standard":"توقيت الهند"}},"Indian_Ocean":{"long":{"standard":"توقيت المحيط الهندي"}},"Indochina":{"long":{"standard":"توقيت الهند الصينية"}},"Indonesia_Central":{"long":{"standard":"توقيت وسط إندونيسيا"}},"Indonesia_Eastern":{"long":{"standard":"توقيت شرق إندونيسيا"}},"Indonesia_Western":{"long":{"standard":"توقيت غرب إندونيسيا"}},"Iran":{"long":{"generic":"توقيت إيران","standard":"توقيت إيران الرسمي","daylight":"توقيت إيران الصيفي"}},"Irkutsk":{"long":{"generic":"توقيت إركوتسك","standard":"توقيت إركوتسك الرسمي","daylight":"توقيت إركوتسك الصيفي"}},"Israel":{"long":{"generic":"توقيت إسرائيل","standard":"توقيت إسرائيل الرسمي","daylight":"توقيت إسرائيل الصيفي"}},"Japan":{"long":{"generic":"توقيت اليابان","standard":"توقيت اليابان الرسمي","daylight":"توقيت اليابان الصيفي"}},"Kamchatka":{"long":{"generic":"توقيت كامشاتكا","standard":"توقيت بيتروبافلوفسك-كامتشاتسكي","daylight":"توقيت بيتروبافلوفسك-كامتشاتسكي الصيفي"}},"Kazakhstan_Eastern":{"long":{"standard":"توقيت شرق كازاخستان"}},"Kazakhstan_Western":{"long":{"standard":"توقيت غرب كازاخستان"}},"Korea":{"long":{"generic":"توقيت كوريا","standard":"توقيت كوريا الرسمي","daylight":"توقيت كوريا الصيفي"}},"Kosrae":{"long":{"standard":"توقيت كوسرا"}},"Krasnoyarsk":{"long":{"generic":"توقيت كراسنويارسك","standard":"توقيت كراسنويارسك الرسمي","daylight":"التوقيت الصيفي لكراسنويارسك"}},"Kyrgystan":{"long":{"standard":"توقيت قرغيزستان"}},"Line_Islands":{"long":{"standard":"توقيت جزر لاين"}},"Lord_Howe":{"long":{"generic":"توقيت لورد هاو","standard":"توقيت لورد هاو الرسمي","daylight":"التوقيت الصيفي للورد هاو"}},"Macquarie":{"long":{"standard":"توقيت ماكواري"}},"Magadan":{"long":{"generic":"توقيت ماغادان","standard":"توقيت ماغادان الرسمي","daylight":"توقيت ماغادان الصيفي"}},"Malaysia":{"long":{"standard":"توقيت ماليزيا"}},"Maldives":{"long":{"standard":"توقيت الـمالديف"}},"Marquesas":{"long":{"standard":"توقيت ماركيساس"}},"Marshall_Islands":{"long":{"standard":"توقيت جزر مارشال"}},"Mauritius":{"long":{"generic":"توقيت موريشيوس","standard":"توقيت موريشيوس الرسمي","daylight":"توقيت موريشيوس الصيفي"}},"Mawson":{"long":{"standard":"توقيت ماوسون"}},"Mexico_Northwest":{"long":{"generic":"توقيت شمال غرب المكسيك","standard":"التوقيت الرسمي لشمال غرب المكسيك","daylight":"التوقيت الصيفي لشمال غرب المكسيك"}},"Mexico_Pacific":{"long":{"generic":"توقيت المحيط الهادي للمكسيك","standard":"توقيت المحيط الهادي الرسمي للمكسيك","daylight":"توقيت المحيط الهادي الصيفي للمكسيك"}},"Mongolia":{"long":{"generic":"توقيت أولان باتور","standard":"توقيت أولان باتور الرسمي","daylight":"توقيت أولان باتور الصيفي"}},"Moscow":{"long":{"generic":"توقيت موسكو","standard":"توقيت موسكو الرسمي","daylight":"توقيت موسكو الصيفي"}},"Myanmar":{"long":{"standard":"توقيت ميانمار"}},"Nauru":{"long":{"standard":"توقيت ناورو"}},"Nepal":{"long":{"standard":"توقيت نيبال"}},"New_Caledonia":{"long":{"generic":"توقيت كاليدونيا الجديدة","standard":"توقيت كاليدونيا الجديدة الرسمي","daylight":"توقيت كاليدونيا الجديدة الصيفي"}},"New_Zealand":{"long":{"generic":"توقيت نيوزيلندا","standard":"توقيت نيوزيلندا الرسمي","daylight":"توقيت نيوزيلندا الصيفي"}},"Newfoundland":{"long":{"generic":"توقيت نيوفاوندلاند","standard":"توقيت نيوفاوندلاند الرسمي","daylight":"توقيت نيوفاوندلاند الصيفي"}},"Niue":{"long":{"standard":"توقيت نيوي"}},"Norfolk":{"long":{"standard":"توقيت جزيرة نورفولك"}},"Noronha":{"long":{"generic":"توقيت فيرناندو دي نورونها","standard":"توقيت فرناندو دي نورونها الرسمي","daylight":"توقيت فرناندو دي نورونها الصيفي"}},"North_Mariana":{"long":{"standard":"توقيت جزر ماريانا الشمالية"}},"Novosibirsk":{"long":{"generic":"توقيت نوفوسيبيرسك","standard":"توقيت نوفوسيبيرسك الرسمي","daylight":"توقيت نوفوسيبيرسك الصيفي"}},"Omsk":{"long":{"generic":"توقيت أومسك","standard":"توقيت أومسك الرسمي","daylight":"توقيت أومسك الصيفي"}},"Pakistan":{"long":{"generic":"توقيت باكستان","standard":"توقيت باكستان الرسمي","daylight":"توقيت باكستان الصيفي"}},"Palau":{"long":{"standard":"توقيت بالاو"}},"Papua_New_Guinea":{"long":{"standard":"توقيت بابوا غينيا الجديدة"}},"Paraguay":{"long":{"generic":"توقيت باراغواي","standard":"توقيت باراغواي الرسمي","daylight":"توقيت باراغواي الصيفي"}},"Peru":{"long":{"generic":"توقيت بيرو","standard":"توقيت بيرو الرسمي","daylight":"توقيت بيرو الصيفي"}},"Philippines":{"long":{"generic":"توقيت الفيلبين","standard":"توقيت الفيلبين الرسمي","daylight":"توقيت الفيلبين الصيفي"}},"Phoenix_Islands":{"long":{"standard":"توقيت جزر فينكس"}},"Pierre_Miquelon":{"long":{"generic":"توقيت سانت بيير وميكولون","standard":"توقيت سانت بيير وميكولون الرسمي","daylight":"توقيت سانت بيير وميكولون الصيفي"}},"Pitcairn":{"long":{"standard":"توقيت بيتكيرن"}},"Ponape":{"long":{"standard":"توقيت بونابي"}},"Reunion":{"long":{"standard":"توقيت ريونيون"}},"Rothera":{"long":{"standard":"توقيت روثيرا"}},"Sakhalin":{"long":{"generic":"توقيت ساخالين","standard":"توقيت ساخالين الرسمي","daylight":"توقيت ساخالين الصيفي"}},"Samara":{"long":{"generic":"توقيت سامارا","standard":"توقيت سمارا","daylight":"توقيت سمارا الصيفي"}},"Samoa":{"long":{"generic":"توقيت ساموا","standard":"توقيت ساموا الرسمي","daylight":"توقيت ساموا الصيفي"}},"Seychelles":{"long":{"standard":"توقيت سيشل"}},"Singapore":{"long":{"standard":"توقيت سنغافورة"}},"Solomon":{"long":{"standard":"توقيت جزر سليمان"}},"South_Georgia":{"long":{"standard":"توقيت جنوب جورجيا"}},"Suriname":{"long":{"standard":"توقيت سورينام"}},"Syowa":{"long":{"standard":"توقيت سايووا"}},"Tahiti":{"long":{"standard":"توقيت تاهيتي"}},"Taipei":{"long":{"generic":"توقيت تايبيه","standard":"توقيت تايبيه الرسمي","daylight":"توقيت تايبيه الصيفي"}},"Tajikistan":{"long":{"standard":"توقيت طاجكستان"}},"Tokelau":{"long":{"standard":"توقيت توكيلاو"}},"Tonga":{"long":{"generic":"توقيت تونغا","standard":"توقيت تونغا الرسمي","daylight":"توقيت تونغا الصيفي"}},"Truk":{"long":{"standard":"توقيت شوك"}},"Turkmenistan":{"long":{"generic":"توقيت تركمانستان","standard":"توقيت تركمانستان الرسمي","daylight":"توقيت تركمانستان الصيفي"}},"Tuvalu":{"long":{"standard":"توقيت توفالو"}},"Uruguay":{"long":{"generic":"توقيت أورغواي","standard":"توقيت أورغواي الرسمي","daylight":"توقيت أورغواي الصيفي"}},"Uzbekistan":{"long":{"generic":"توقيت أوزبكستان","standard":"توقيت أوزبكستان الرسمي","daylight":"توقيت أوزبكستان الصيفي"}},"Vanuatu":{"long":{"generic":"توقيت فانواتو","standard":"توقيت فانواتو الرسمي","daylight":"توقيت فانواتو الصيفي"}},"Venezuela":{"long":{"standard":"توقيت فنزويلا"}},"Vladivostok":{"long":{"generic":"توقيت فلاديفوستوك","standard":"توقيت فلاديفوستوك الرسمي","daylight":"توقيت فلاديفوستوك الصيفي"}},"Volgograd":{"long":{"generic":"توقيت فولغوغراد","standard":"توقيت فولغوغراد الرسمي","daylight":"توقيت فولغوغراد الصيفي"}},"Vostok":{"long":{"standard":"توقيت فوستوك"}},"Wake":{"long":{"standard":"توقيت جزيرة ويك"}},"Wallis":{"long":{"standard":"توقيت واليس و فوتونا"}},"Yakutsk":{"long":{"generic":"توقيت ياكوتسك","standard":"توقيت ياكوتسك الرسمي","daylight":"توقيت ياكوتسك الصيفي"}},"Yekaterinburg":{"long":{"generic":"توقيت يكاترينبورغ","standard":"توقيت يكاترينبورغ الرسمي","daylight":"توقيت يكاترينبورغ الصيفي"}}}}