{"hourFormat":"+HH:mm;-HH:mm","gmtFormat":"GMT%1$s","gmtZeroFormat":"GMT","regionFormat":"Ώρα (%1$s)","regionFormat-type-standard":"Χειμερινή ώρα (%1$s)","regionFormat-type-daylight":"Θερινή ώρα (%1$s)","fallbackFormat":"[%2$s (%1$s)]","zone":{"America":{"Adak":{"exemplarCity":"Άντακ"},"Anchorage":{"exemplarCity":"Άνκορατζ"},"Anguilla":{"exemplarCity":"Ανγκουίλα"},"Antigua":{"exemplarCity":"Αντίγκουα"},"Araguaina":{"exemplarCity":"Αραγκουάινα"},"Argentina":{"La_Rioja":{"exemplarCity":"Λα Ριόχα"},"Rio_Gallegos":{"exemplarCity":"Ρίο Γκαγιέγκος"},"Salta":{"exemplarCity":"Σάλτα"},"San_Juan":{"exemplarCity":"Σαν Χουάν"},"San_Luis":{"exemplarCity":"Σαν Λούις"},"Tucuman":{"exemplarCity":"Τουκουμάν"},"Ushuaia":{"exemplarCity":"Ουσουάια"}},"Aruba":{"exemplarCity":"Αρούμπα"},"Asuncion":{"exemplarCity":"Ασουνσιόν"},"Bahia":{"exemplarCity":"Μπάχια"},"Bahia_Banderas":{"exemplarCity":"Μπαχία Ντε Μπαντέρας"},"Barbados":{"exemplarCity":"Μπαρμπάντος"},"Belem":{"exemplarCity":"Μπέλεμ"},"Belize":{"exemplarCity":"Μπελίζ"},"Blanc-Sablon":{"exemplarCity":"Μπλαν Σαμπλόν"},"Boa_Vista":{"exemplarCity":"Μπόα Βίστα"},"Bogota":{"exemplarCity":"Μπογκοτά"},"Boise":{"exemplarCity":"Μπόιζ"},"Buenos_Aires":{"exemplarCity":"Μπουένος Άιρες"},"Cambridge_Bay":{"exemplarCity":"Κέμπριτζ Μπέι"},"Campo_Grande":{"exemplarCity":"Κάμπο Γκράντε"},"Cancun":{"exemplarCity":"Κανκούν"},"Caracas":{"exemplarCity":"Καράκας"},"Catamarca":{"exemplarCity":"Καταμάρκα"},"Cayenne":{"exemplarCity":"Καγιένε"},"Cayman":{"exemplarCity":"Κέιμαν"},"Chicago":{"exemplarCity":"Σικάγο"},"Chihuahua":{"exemplarCity":"Τσιουάουα"},"Coral_Harbour":{"exemplarCity":"Κόραλ Χάρμπουρ"},"Cordoba":{"exemplarCity":"Κόρδοβα"},"Costa_Rica":{"exemplarCity":"Κόστα Ρίκα"},"Creston":{"exemplarCity":"Κρέστον"},"Cuiaba":{"exemplarCity":"Κουϊάμπα"},"Curacao":{"exemplarCity":"Κουρασάο"},"Danmarkshavn":{"exemplarCity":"Ντανμαρκσάβν"},"Dawson":{"exemplarCity":"Ντόσον"},"Dawson_Creek":{"exemplarCity":"Ντόσον Κρικ"},"Denver":{"exemplarCity":"Ντένβερ"},"Detroit":{"exemplarCity":"Ντιτρόιτ"},"Dominica":{"exemplarCity":"Δομινίκα"},"Edmonton":{"exemplarCity":"Έντμοντον"},"Eirunepe":{"exemplarCity":"Εϊρουνέπε"},"El_Salvador":{"exemplarCity":"Ελ Σαλβαδόρ"},"Fortaleza":{"exemplarCity":"Φορταλέζα"},"Glace_Bay":{"exemplarCity":"Γκλέις Μπέι"},"Godthab":{"exemplarCity":"Γκόνθαμπ"},"Goose_Bay":{"exemplarCity":"Γκους Μπέι"},"Grand_Turk":{"exemplarCity":"Γκραντ Τουρκ"},"Grenada":{"exemplarCity":"Γρενάδα"},"Guadeloupe":{"exemplarCity":"Γουαδελούπη"},"Guatemala":{"exemplarCity":"Γουατεμάλα"},"Guayaquil":{"exemplarCity":"Γκουαγιακύλ"},"Guyana":{"exemplarCity":"Γουιάνα"},"Halifax":{"exemplarCity":"Χάλιφαξ"},"Havana":{"exemplarCity":"Αβάνα"},"Hermosillo":{"exemplarCity":"Ερμοσίγιο"},"Indiana":{"Knox":{"exemplarCity":"Νοξ, Ιντιάνα"},"Marengo":{"exemplarCity":"Μαρένγκο, Ιντιάνα"},"Petersburg":{"exemplarCity":"Πίτερσμπεργκ, Ιντιάνα"},"Tell_City":{"exemplarCity":"Τελ Σίτυ, Ιντιάνα"},"Vevay":{"exemplarCity":"Βεβάι, Ιντιάνα"},"Vincennes":{"exemplarCity":"Βίνκενες, Ιντιάνα"},"Winamac":{"exemplarCity":"Γουίναμακ, Ιντιάνα"}},"Indianapolis":{"exemplarCity":"Ιντιανάπολις"},"Inuvik":{"exemplarCity":"Ινούβικ"},"Iqaluit":{"exemplarCity":"Ικαλούτ"},"Jamaica":{"exemplarCity":"Τζαμάικα"},"Jujuy":{"exemplarCity":"Χουχούι"},"Juneau":{"exemplarCity":"Τζούνο"},"Kentucky":{"Monticello":{"exemplarCity":"Μοντιτσέλο, Κεντάκι"}},"Kralendijk":{"exemplarCity":"Κραλέντικ"},"La_Paz":{"exemplarCity":"Λα Παζ"},"Lima":{"exemplarCity":"Λίμα"},"Los_Angeles":{"exemplarCity":"Λος Άντζελες"},"Louisville":{"exemplarCity":"Λούισβιλ"},"Lower_Princes":{"exemplarCity":"Lower Prince’s Quarter (Άγιος Μαρτίνος Ολλανδίας)"},"Maceio":{"exemplarCity":"Μασέιο"},"Managua":{"exemplarCity":"Μανάγκουα"},"Manaus":{"exemplarCity":"Μανάος"},"Marigot":{"exemplarCity":"Μάριγκοτ"},"Martinique":{"exemplarCity":"Μαρτινίκα"},"Matamoros":{"exemplarCity":"Ματαμόρος"},"Mazatlan":{"exemplarCity":"Μαζατλάν"},"Mendoza":{"exemplarCity":"Μεντόζα"},"Menominee":{"exemplarCity":"Μενομίνε"},"Merida":{"exemplarCity":"Μέριντα"},"Metlakatla":{"exemplarCity":"Μετλακάτλα"},"Mexico_City":{"exemplarCity":"Πόλη του Μεξικού"},"Miquelon":{"exemplarCity":"Μικελόν"},"Moncton":{"exemplarCity":"Μονκτόν"},"Monterrey":{"exemplarCity":"Μοντερέι"},"Montevideo":{"exemplarCity":"Μοντεβιδέο"},"Montserrat":{"exemplarCity":"Μονσεράτ"},"Nassau":{"exemplarCity":"Νασάου"},"New_York":{"exemplarCity":"Νέα Υόρκη"},"Nipigon":{"exemplarCity":"Νιπιγκόν"},"Nome":{"exemplarCity":"Νόμε"},"Noronha":{"exemplarCity":"Νορόνχα"},"North_Dakota":{"Beulah":{"exemplarCity":"Μπέουλαχ, Βόρεια Ντακότα"},"Center":{"exemplarCity":"Κέντρο, Βόρεια Ντακότα"},"New_Salem":{"exemplarCity":"Νιου Σάλεμ, Βόρεια Ντακότα"}},"Ojinaga":{"exemplarCity":"Οχινάγκα"},"Panama":{"exemplarCity":"Παναμάς"},"Pangnirtung":{"exemplarCity":"Πανγκνίρτουνγκ"},"Paramaribo":{"exemplarCity":"Παραμαρίμπο"},"Phoenix":{"exemplarCity":"Φοίνιξ"},"Port-au-Prince":{"exemplarCity":"Πορτ-ο-Πρενς"},"Port_of_Spain":{"exemplarCity":"Πορτ οφ Σπέιν"},"Porto_Velho":{"exemplarCity":"Πόρτο Βέλο"},"Puerto_Rico":{"exemplarCity":"Πουέρτο Ρίκο"},"Rainy_River":{"exemplarCity":"Ρέινι Ρίβερ"},"Rankin_Inlet":{"exemplarCity":"Ρέινκιν Ίνλετ"},"Recife":{"exemplarCity":"Ρεσίφε"},"Regina":{"exemplarCity":"Ρετζίνα"},"Resolute":{"exemplarCity":"Ρέσολουτ"},"Rio_Branco":{"exemplarCity":"Ρίο Μπράνκο"},"Santa_Isabel":{"exemplarCity":"Σάντα Ιζαμπέλ"},"Santarem":{"exemplarCity":"Σανταρέμ"},"Santiago":{"exemplarCity":"Σαντιάγκο"},"Santo_Domingo":{"exemplarCity":"Άγιος Δομίνικος"},"Sao_Paulo":{"exemplarCity":"Σάο Πάολο"},"Scoresbysund":{"exemplarCity":"Σκορεσμπίσουντ"},"Sitka":{"exemplarCity":"Σίτκα"},"St_Barthelemy":{"exemplarCity":"Άγιος Βαρθολομαίος"},"St_Johns":{"exemplarCity":"Σεντ Τζονς"},"St_Kitts":{"exemplarCity":"Άγιος Χριστόφορος (Σαιντ Κιτς)"},"St_Lucia":{"exemplarCity":"Αγία Λουκία"},"St_Thomas":{"exemplarCity":"Άγιος Θωμάς"},"St_Vincent":{"exemplarCity":"Άγιος Βικέντιος"},"Swift_Current":{"exemplarCity":"Σουίφτ Κάρρεντ"},"Tegucigalpa":{"exemplarCity":"Τεγκουσιγκάλπα"},"Thule":{"exemplarCity":"Τούλε"},"Thunder_Bay":{"exemplarCity":"Θάντερ Μπέι"},"Tijuana":{"exemplarCity":"Τιχουάνα"},"Toronto":{"exemplarCity":"Τορόντο"},"Tortola":{"exemplarCity":"Τορτόλα"},"Vancouver":{"exemplarCity":"Βανκούβερ"},"Whitehorse":{"exemplarCity":"Γουάιτχορς"},"Winnipeg":{"exemplarCity":"Γουίνιπεγκ"},"Yakutat":{"exemplarCity":"Γιακούτατ"},"Yellowknife":{"exemplarCity":"Γέλοουναϊφ"}},"Atlantic":{"Azores":{"exemplarCity":"Αζόρες"},"Bermuda":{"exemplarCity":"Βερμούδα"},"Canary":{"exemplarCity":"Κανάρια"},"Cape_Verde":{"exemplarCity":"Πράσινο Ακρωτήριο"},"Faeroe":{"exemplarCity":"Φερόες"},"Madeira":{"exemplarCity":"Μαδέρα"},"Reykjavik":{"exemplarCity":"Ρέυκιαβικ"},"South_Georgia":{"exemplarCity":"Νότια Γεωργία"},"St_Helena":{"exemplarCity":"Αγ. Ελένη"},"Stanley":{"exemplarCity":"Στάνλεϋ"}},"Europe":{"Amsterdam":{"exemplarCity":"Άμστερνταμ"},"Andorra":{"exemplarCity":"Ανδόρα"},"Athens":{"exemplarCity":"Αθήνα"},"Belgrade":{"exemplarCity":"Βελιγράδι"},"Berlin":{"exemplarCity":"Βερολίνο"},"Bratislava":{"exemplarCity":"Μπρατισλάβα"},"Brussels":{"exemplarCity":"Βρυξέλλες"},"Bucharest":{"exemplarCity":"Βουκουρέστι"},"Budapest":{"exemplarCity":"Βουδαπέστη"},"Busingen":{"exemplarCity":"Μπίσινγκεν"},"Chisinau":{"exemplarCity":"Κισινάου"},"Copenhagen":{"exemplarCity":"Κοπεγχάγη"},"Dublin":{"long":{"daylight":"Θερινή ώρα Ιρλανδίας"},"exemplarCity":"Δουβλίνο"},"Gibraltar":{"exemplarCity":"Γιβραλτάρ"},"Guernsey":{"exemplarCity":"Γκέρνσεϊ"},"Helsinki":{"exemplarCity":"Ελσίνκι"},"Isle_of_Man":{"exemplarCity":"Νήσος του Μαν"},"Istanbul":{"exemplarCity":"Κωνσταντινούπολη"},"Jersey":{"exemplarCity":"Τζέρσεϊ"},"Kaliningrad":{"exemplarCity":"Καλίνινγκραντ"},"Kiev":{"exemplarCity":"Κίεβο"},"Lisbon":{"exemplarCity":"Λισαβόνα"},"Ljubljana":{"exemplarCity":"Λιουμπλιάνα"},"London":{"long":{"daylight":"Θερινή ώρα Βρετανίας"},"exemplarCity":"Λονδίνο"},"Luxembourg":{"exemplarCity":"Λουξεμβούργο"},"Madrid":{"exemplarCity":"Μαδρίτη"},"Malta":{"exemplarCity":"Μάλτα"},"Mariehamn":{"exemplarCity":"Μαριέχαμν"},"Minsk":{"exemplarCity":"Μινσκ"},"Monaco":{"exemplarCity":"Μονακό"},"Moscow":{"exemplarCity":"Μόσχα"},"Oslo":{"exemplarCity":"Όσλο"},"Paris":{"exemplarCity":"Παρίσι"},"Podgorica":{"exemplarCity":"Ποντγκόριτσα"},"Prague":{"exemplarCity":"Πράγα"},"Riga":{"exemplarCity":"Ρίγα"},"Rome":{"exemplarCity":"Ρώμη"},"Samara":{"exemplarCity":"Σαμάρα"},"San_Marino":{"exemplarCity":"Άγιος Μαρίνος"},"Sarajevo":{"exemplarCity":"Σαράγεβο"},"Simferopol":{"exemplarCity":"Συμφερόπολη"},"Skopje":{"exemplarCity":"Σκόπια"},"Sofia":{"exemplarCity":"Σόφια"},"Stockholm":{"exemplarCity":"Στοκχόλμη"},"Tallinn":{"exemplarCity":"Ταλίν"},"Tirane":{"exemplarCity":"Τίρανα"},"Uzhgorod":{"exemplarCity":"Ουζκόροντ"},"Vaduz":{"exemplarCity":"Βαντούζ"},"Vatican":{"exemplarCity":"Βατικανό"},"Vienna":{"exemplarCity":"Βιέννη"},"Vilnius":{"exemplarCity":"Βίλνιους"},"Volgograd":{"exemplarCity":"Βόλγκοκραντ"},"Warsaw":{"exemplarCity":"Βαρσοβία"},"Zagreb":{"exemplarCity":"Ζάγκρεμπ"},"Zaporozhye":{"exemplarCity":"Ζαπορόζιε"},"Zurich":{"exemplarCity":"Ζυρίχη"}},"Africa":{"Abidjan":{"exemplarCity":"Αμπιτζάν"},"Accra":{"exemplarCity":"Άκρα"},"Addis_Ababa":{"exemplarCity":"Αντίς Αμπέμπα"},"Algiers":{"exemplarCity":"Αλγέρι"},"Asmera":{"exemplarCity":"Ασμάρα"},"Bamako":{"exemplarCity":"Μπαμάκο"},"Bangui":{"exemplarCity":"Μπανγκί"},"Banjul":{"exemplarCity":"Μπάνζουλ"},"Bissau":{"exemplarCity":"Μπισάου"},"Blantyre":{"exemplarCity":"Μπλαντάιρ"},"Brazzaville":{"exemplarCity":"Μπράζαβιλ"},"Bujumbura":{"exemplarCity":"Μπουζουμπούρα"},"Cairo":{"exemplarCity":"Κάιρο"},"Casablanca":{"exemplarCity":"Καζαμπλάνκα"},"Ceuta":{"exemplarCity":"Κέουτα"},"Conakry":{"exemplarCity":"Κόνακρι"},"Dakar":{"exemplarCity":"Ντακάρ"},"Dar_es_Salaam":{"exemplarCity":"Νταρ Ες Σαλάμ"},"Djibouti":{"exemplarCity":"Τζιμπουτί"},"Douala":{"exemplarCity":"Ντουάλα"},"El_Aaiun":{"exemplarCity":"Ελ Αγιούν"},"Freetown":{"exemplarCity":"Φρίταουν"},"Gaborone":{"exemplarCity":"Γκαμπορόνε"},"Harare":{"exemplarCity":"Χαράρε"},"Johannesburg":{"exemplarCity":"Γιοχάνεσμπουργκ"},"Juba":{"exemplarCity":"Γιούμπα"},"Kampala":{"exemplarCity":"Καμπάλα"},"Khartoum":{"exemplarCity":"Χαρτούμ"},"Kigali":{"exemplarCity":"Κιγκάλι"},"Kinshasa":{"exemplarCity":"Κινσάσα"},"Lagos":{"exemplarCity":"Λάγκος"},"Libreville":{"exemplarCity":"Λιμπρεβίλ"},"Lome":{"exemplarCity":"Λομέ"},"Luanda":{"exemplarCity":"Λουάντα"},"Lubumbashi":{"exemplarCity":"Λουμπουμπάσι"},"Lusaka":{"exemplarCity":"Λουζάκα"},"Malabo":{"exemplarCity":"Μαλάμπο"},"Maputo":{"exemplarCity":"Μαπούτο"},"Maseru":{"exemplarCity":"Μασέρου"},"Mbabane":{"exemplarCity":"Μπαμπάνε"},"Mogadishu":{"exemplarCity":"Μογκαντίσου"},"Monrovia":{"exemplarCity":"Μονρόβια"},"Nairobi":{"exemplarCity":"Ναϊρόμπι"},"Ndjamena":{"exemplarCity":"Ντζαμένα"},"Niamey":{"exemplarCity":"Νιαμέι"},"Nouakchott":{"exemplarCity":"Νουακσότ"},"Ouagadougou":{"exemplarCity":"Ουαγκαντούγκου"},"Porto-Novo":{"exemplarCity":"Πόρτο-Νόβο"},"Sao_Tome":{"exemplarCity":"Σάο Τομέ"},"Tripoli":{"exemplarCity":"Τρίπολη"},"Tunis":{"exemplarCity":"Τύνιδα"},"Windhoek":{"exemplarCity":"Βίντχουκ"}},"Asia":{"Aden":{"exemplarCity":"Άντεν"},"Almaty":{"exemplarCity":"Αλμάτυ"},"Amman":{"exemplarCity":"Αμμάν"},"Anadyr":{"exemplarCity":"Αναντίρ"},"Aqtau":{"exemplarCity":"Ακτάου"},"Aqtobe":{"exemplarCity":"Ακτόμπε"},"Ashgabat":{"exemplarCity":"Ασχαμπάτ"},"Baghdad":{"exemplarCity":"Βαγδάτη"},"Bahrain":{"exemplarCity":"Μπαχρέιν"},"Baku":{"exemplarCity":"Μπακού"},"Bangkok":{"exemplarCity":"Μπανγκόκ"},"Beirut":{"exemplarCity":"Βυρητός"},"Bishkek":{"exemplarCity":"Μπισκέκ"},"Brunei":{"exemplarCity":"Μπρουνέι"},"Calcutta":{"exemplarCity":"Καλκούτα"},"Chita":{"exemplarCity":"Chita"},"Choibalsan":{"exemplarCity":"Χόιμπαλσαν"},"Colombo":{"exemplarCity":"Κολόμπο"},"Damascus":{"exemplarCity":"Δαμασκός"},"Dhaka":{"exemplarCity":"Ντάκα"},"Dili":{"exemplarCity":"Ντίλι"},"Dubai":{"exemplarCity":"Ντουμπάι"},"Dushanbe":{"exemplarCity":"Ντουσάμπε"},"Gaza":{"exemplarCity":"Γάζα"},"Hebron":{"exemplarCity":"Χεμπρόν"},"Hong_Kong":{"exemplarCity":"Χονγκ Κονγκ"},"Hovd":{"exemplarCity":"Χοβντ"},"Irkutsk":{"exemplarCity":"Ιρκούτσκ"},"Jakarta":{"exemplarCity":"Τζακάρτα"},"Jayapura":{"exemplarCity":"Χαγιαπούρα"},"Jerusalem":{"exemplarCity":"Ιερουσαλήμ"},"Kabul":{"exemplarCity":"Καμπούλ"},"Kamchatka":{"exemplarCity":"Καμτσάτκα"},"Karachi":{"exemplarCity":"Καράτσι"},"Katmandu":{"exemplarCity":"Κατμαντού"},"Khandyga":{"exemplarCity":"Χαντίγκα"},"Krasnoyarsk":{"exemplarCity":"Κρασνογιάρσκ"},"Kuala_Lumpur":{"exemplarCity":"Κουάλα Λουμπούρ"},"Kuching":{"exemplarCity":"Κουτσίνγκ"},"Kuwait":{"exemplarCity":"Κουβέιτ"},"Macau":{"exemplarCity":"Μακάο"},"Magadan":{"exemplarCity":"Μαγκαντάν"},"Makassar":{"exemplarCity":"Μακασάρ"},"Manila":{"exemplarCity":"Μανίλα"},"Muscat":{"exemplarCity":"Μασκάτ"},"Nicosia":{"exemplarCity":"Λευκωσία"},"Novokuznetsk":{"exemplarCity":"Νοβοκουζνέτσκ"},"Novosibirsk":{"exemplarCity":"Νοβοσιμπίρσκ"},"Omsk":{"exemplarCity":"Ομσκ"},"Oral":{"exemplarCity":"Όραλ"},"Phnom_Penh":{"exemplarCity":"Πνομ Πενχ"},"Pontianak":{"exemplarCity":"Πόντιανακ"},"Pyongyang":{"exemplarCity":"Πιονγκγιάνγκ"},"Qatar":{"exemplarCity":"Κατάρ"},"Qyzylorda":{"exemplarCity":"Κτζιλ-Ορντά"},"Rangoon":{"exemplarCity":"Ρανγκούν"},"Riyadh":{"exemplarCity":"Ριάντ"},"Saigon":{"exemplarCity":"Πόλη Χο Τσι Μινχ"},"Sakhalin":{"exemplarCity":"Σακαλίνσκ"},"Samarkand":{"exemplarCity":"Σαμαρκάνδη"},"Seoul":{"exemplarCity":"Σεούλ"},"Shanghai":{"exemplarCity":"Σανγκάη"},"Singapore":{"exemplarCity":"Σιγκαπούρη"},"Srednekolymsk":{"exemplarCity":"Srednekolymsk"},"Taipei":{"exemplarCity":"Ταϊπέι"},"Tashkent":{"exemplarCity":"Τασκένδη"},"Tbilisi":{"exemplarCity":"Τιφλίδα"},"Tehran":{"exemplarCity":"Τεχεράνη"},"Thimphu":{"exemplarCity":"Τρίμφου"},"Tokyo":{"exemplarCity":"Τόκυο"},"Ulaanbaatar":{"exemplarCity":"Ουλάν Μπατόρ"},"Urumqi":{"exemplarCity":"Ουρουμκί"},"Ust-Nera":{"exemplarCity":"Ουστ-Νερά"},"Vientiane":{"exemplarCity":"Βιεντιάνε"},"Vladivostok":{"exemplarCity":"Βλαδιβοστόκ"},"Yakutsk":{"exemplarCity":"Γιάκουτσκ"},"Yekaterinburg":{"exemplarCity":"Αικατερίνμπουργκ"},"Yerevan":{"exemplarCity":"Γερεβάν"}},"Indian":{"Antananarivo":{"exemplarCity":"Ανταναναρίβο"},"Chagos":{"exemplarCity":"Τσάγκος"},"Christmas":{"exemplarCity":"Χριστούγεννα"},"Cocos":{"exemplarCity":"Κόκος"},"Comoro":{"exemplarCity":"Κομόρο"},"Kerguelen":{"exemplarCity":"Κέργκουελεν"},"Mahe":{"exemplarCity":"Μάχε"},"Maldives":{"exemplarCity":"Μαλδίβες"},"Mauritius":{"exemplarCity":"Μαυρίκιος"},"Mayotte":{"exemplarCity":"Μαγιότε"},"Reunion":{"exemplarCity":"Ρεϊνιόν"}},"Australia":{"Adelaide":{"exemplarCity":"Αδελαΐδα"},"Brisbane":{"exemplarCity":"Μπρισμπέιν"},"Broken_Hill":{"exemplarCity":"Μπρόκεν Χιλ"},"Currie":{"exemplarCity":"Κιουρί"},"Darwin":{"exemplarCity":"Ντάργουιν"},"Eucla":{"exemplarCity":"Εούκλα"},"Hobart":{"exemplarCity":"Χόμπαρτ"},"Lindeman":{"exemplarCity":"Λίντεμαν"},"Lord_Howe":{"exemplarCity":"Λορντ Χάουι"},"Melbourne":{"exemplarCity":"Μελβούρνη"},"Perth":{"exemplarCity":"Περθ"},"Sydney":{"exemplarCity":"Σίδνεϊ"}},"Pacific":{"Apia":{"exemplarCity":"Άπια"},"Auckland":{"exemplarCity":"Όκλαντ"},"Bougainville":{"exemplarCity":"Bougainville"},"Chatham":{"exemplarCity":"Τσάταμ"},"Easter":{"exemplarCity":"Νήσος Πάσχα"},"Efate":{"exemplarCity":"Εφάτε"},"Enderbury":{"exemplarCity":"Εντερμπέρυ"},"Fakaofo":{"exemplarCity":"Φακαόφο"},"Fiji":{"exemplarCity":"Φίτζι"},"Funafuti":{"exemplarCity":"Φουναφούτι"},"Galapagos":{"exemplarCity":"Γκαλαπάγκος"},"Gambier":{"exemplarCity":"Γκάμπιερ"},"Guadalcanal":{"exemplarCity":"Γκουανταλκανάλ"},"Guam":{"exemplarCity":"Γκουάμ"},"Honolulu":{"exemplarCity":"Χονολουλού"},"Johnston":{"exemplarCity":"Τζόνστον"},"Kiritimati":{"exemplarCity":"Κιριτιμάτι"},"Kosrae":{"exemplarCity":"Κοσράη"},"Kwajalein":{"exemplarCity":"Κουαχαλέιν"},"Majuro":{"exemplarCity":"Μαχούρο"},"Marquesas":{"exemplarCity":"Μαρκέσας"},"Midway":{"exemplarCity":"Μίντγουεϊ"},"Nauru":{"exemplarCity":"Ναούρου"},"Niue":{"exemplarCity":"Νιούε"},"Norfolk":{"exemplarCity":"Νόρφολκ"},"Noumea":{"exemplarCity":"Νουμέα"},"Pago_Pago":{"exemplarCity":"Πάγκο Πάγκο"},"Palau":{"exemplarCity":"Παλάου"},"Pitcairn":{"exemplarCity":"Πίτκερν"},"Ponape":{"exemplarCity":"Πονάπε"},"Port_Moresby":{"exemplarCity":"Πορτ Μόρεσμπυ"},"Rarotonga":{"exemplarCity":"Ραροτόνγκα"},"Saipan":{"exemplarCity":"Σάιπαν"},"Tahiti":{"exemplarCity":"Ταϊτή"},"Tarawa":{"exemplarCity":"Ταράουα"},"Tongatapu":{"exemplarCity":"Τονγκατάπου"},"Truk":{"exemplarCity":"Τσουκ"},"Wake":{"exemplarCity":"Γουέικ"},"Wallis":{"exemplarCity":"Γουόλις"}},"Arctic":{"Longyearbyen":{"exemplarCity":"Λόνγκιεαρμπιεν"}},"Antarctica":{"Casey":{"exemplarCity":"Κάσεϊ"},"Davis":{"exemplarCity":"Ντέιβις"},"DumontDUrville":{"exemplarCity":"Ντιμόντ Ντερβίλ"},"Macquarie":{"exemplarCity":"Μακουάρι"},"Mawson":{"exemplarCity":"Μόουσον"},"McMurdo":{"exemplarCity":"Μακμέρντο"},"Palmer":{"exemplarCity":"Πάλμερ"},"Rothera":{"exemplarCity":"Ροθέρα"},"Syowa":{"exemplarCity":"Σίοβα"},"Troll":{"exemplarCity":"Τρολ"},"Vostok":{"exemplarCity":"Βόστοκ"}},"Etc":{"GMT":{"exemplarCity":"GMT"},"GMT1":{"exemplarCity":"GMT+1"},"GMT10":{"exemplarCity":"GMT+10"},"GMT11":{"exemplarCity":"GMT+11"},"GMT12":{"exemplarCity":"GMT+12"},"GMT2":{"exemplarCity":"GMT+2"},"GMT3":{"exemplarCity":"GMT+3"},"GMT4":{"exemplarCity":"GMT+4"},"GMT5":{"exemplarCity":"GMT+5"},"GMT6":{"exemplarCity":"GMT+6"},"GMT7":{"exemplarCity":"GMT+7"},"GMT8":{"exemplarCity":"GMT+8"},"GMT9":{"exemplarCity":"GMT+9"},"GMT-1":{"exemplarCity":"GMT-1"},"GMT-10":{"exemplarCity":"GMT-10"},"GMT-11":{"exemplarCity":"GMT-11"},"GMT-12":{"exemplarCity":"GMT-12"},"GMT-13":{"exemplarCity":"GMT-13"},"GMT-14":{"exemplarCity":"GMT-14"},"GMT-2":{"exemplarCity":"GMT-2"},"GMT-3":{"exemplarCity":"GMT-3"},"GMT-4":{"exemplarCity":"GMT-4"},"GMT-5":{"exemplarCity":"GMT-5"},"GMT-6":{"exemplarCity":"GMT-6"},"GMT-7":{"exemplarCity":"GMT-7"},"GMT-8":{"exemplarCity":"GMT-8"},"GMT-9":{"exemplarCity":"GMT-9"},"Unknown":{"exemplarCity":"Άγνωστη πόλη"}}},"metazone":{"Afghanistan":{"long":{"standard":"Ώρα Αφγανιστάν"}},"Africa_Central":{"long":{"standard":"Ώρα Κεντρικής Αφρικής"}},"Africa_Eastern":{"long":{"standard":"Ώρα Ανατολικής Αφρικής"}},"Africa_Southern":{"long":{"standard":"Χειμερινή ώρα Νότιας Αφρικής"}},"Africa_Western":{"long":{"generic":"Ώρα Δυτικής Αφρικής","standard":"Χειμερινή ώρα Δυτικής Αφρικής","daylight":"Θερινή ώρα Δυτικής Αφρικής"}},"Alaska":{"long":{"generic":"Ώρα Αλάσκας","standard":"Χειμερινή ώρα Αλάσκας","daylight":"Θερινή ώρα Αλάσκας"}},"Amazon":{"long":{"generic":"Ώρα Αμαζονίου","standard":"Χειμερινή ώρα Αμαζονίου","daylight":"Θερινή ώρα Αμαζονίου"}},"America_Central":{"long":{"generic":"Κεντρική ώρα Βόρειας Αμερικής","standard":"Κεντρική χειμερινή ώρα Βόρειας Αμερικής","daylight":"Κεντρική θερινή ώρα Βόρειας Αμερικής"}},"America_Eastern":{"long":{"generic":"Ανατολική ώρα Βόρειας Αμερικής","standard":"Ανατολική χειμερινή ώρα Βόρειας Αμερικής","daylight":"Ανατολική θερινή ώρα Βόρειας Αμερικής"}},"America_Mountain":{"long":{"generic":"Ορεινή ώρα Βόρειας Αμερικής","standard":"Ορεινή χειμερινή ώρα Βόρειας Αμερικής","daylight":"Ορεινή θερινή ώρα Βόρειας Αμερικής"}},"America_Pacific":{"long":{"generic":"Ώρα Βόρειας Αμερικής","standard":"Χειμερινή ώρα Βόρειας Αμερικής","daylight":"Θερινή ώρα Βόρειας Αμερικής"}},"Anadyr":{"long":{"generic":"Ώρα Αναντίρ","standard":"Χειμερινή ώρα Αναντίρ","daylight":"Θερινή ώρα Αναντίρ"}},"Apia":{"long":{"generic":"Ώρα Απία","standard":"Χειμερινή ώρα Απία","daylight":"Θερινή ώρα Απία"}},"Arabian":{"long":{"generic":"Αραβική ώρα","standard":"Αραβική χειμερινή ώρα","daylight":"Αραβική θερινή ώρα"}},"Argentina":{"long":{"generic":"Ώρα Αργεντινής","standard":"Χειμερινή ώρα Αργεντινής","daylight":"Θερινή ώρα Αργεντινής"}},"Argentina_Western":{"long":{"generic":"Ώρα Δυτικής Αργεντινής","standard":"Χειμερινή ώρα Δυτικής Αργεντινής","daylight":"Θερινή ώρα Δυτικής Αργεντινής"}},"Armenia":{"long":{"generic":"Ώρα Αρμενίας","standard":"Χειμερινή ώρα Αρμενίας","daylight":"Θερινή ώρα Αρμενίας"}},"Atlantic":{"long":{"generic":"Ώρα Ατλαντικού","standard":"Χειμερινή ώρα Ατλαντικού","daylight":"Θερινή ώρα Ατλαντικού"}},"Australia_Central":{"long":{"generic":"Ώρα Κεντρικής Αυστραλίας","standard":"Χειμερινή ώρα Κεντρικής Αυστραλίας","daylight":"Θερινή ώρα Κεντρικής Αυστραλίας"}},"Australia_CentralWestern":{"long":{"generic":"Ώρα Κεντροδυτικής Αυστραλίας","standard":"Χειμερινή ώρα Κεντροδυτικής Αυστραλίας","daylight":"Θερινή ώρα Κεντροδυτικής Αυστραλίας"}},"Australia_Eastern":{"long":{"generic":"Ώρα Ανατολικής Αυστραλίας","standard":"Χειμερινή ώρα Ανατολικής Αυστραλίας","daylight":"Θερινή ώρα Ανατολικής Αυστραλίας"}},"Australia_Western":{"long":{"generic":"Ώρα Δυτικής Αυστραλίας","standard":"Χειμερινή ώρα Δυτικής Αυστραλίας","daylight":"Θερινή ώρα Δυτικής Αυστραλίας"}},"Azerbaijan":{"long":{"generic":"Ώρα Αζερμπαϊτζάν","standard":"Χειμερινή ώρα Αζερμπαϊτζάν","daylight":"Θερινή ώρα Αζερμπαϊτζάν"}},"Azores":{"long":{"generic":"Ώρα Αζορών","standard":"Χειμερινή ώρα Αζορών","daylight":"Θερινή ώρα Αζορών"}},"Bangladesh":{"long":{"generic":"Ώρα Μπανγκλαντές","standard":"Χειμερινή ώρα Μπανγκλαντές","daylight":"Θερινή ώρα Μπανγκλαντές"}},"Bhutan":{"long":{"standard":"Ώρα Μπουτάν"}},"Bolivia":{"long":{"standard":"Ώρα Βολιβίας"}},"Brasilia":{"long":{"generic":"Ώρα Μπραζίλια","standard":"Χειμερινή ώρα Μπραζίλια","daylight":"Θερινή ώρα Μπραζίλια"}},"Brunei":{"long":{"standard":"Ώρα Μπρουνέι Νταρουσαλάμ"}},"Cape_Verde":{"long":{"generic":"Ώρα Πράσινου Ακρωτηρίου","standard":"Χειμερινή ώρα Πράσινου Ακρωτηρίου","daylight":"Θερινή ώρα Πράσινου Ακρωτηρίου"}},"Chamorro":{"long":{"standard":"Ώρα Τσαμόρο"}},"Chatham":{"long":{"generic":"Ώρα Τσάθαμ","standard":"Χειμερινή ώρα Τσάθαμ","daylight":"Θερινή ώρα Τσάθαμ"}},"Chile":{"long":{"generic":"Ώρα Χιλής","standard":"Χειμερινή ώρα Χιλής","daylight":"Θερινή ώρα Χιλής"}},"China":{"long":{"generic":"Ώρα Κίνας","standard":"Χειμερινή ώρα Κίνας","daylight":"Θερινή ώρα Κίνας"}},"Choibalsan":{"long":{"generic":"Ώρα Τσοϊμπαλσάν","standard":"Χειμερινή ώρα Τσοϊμπαλσάν","daylight":"Θερινή ώρα Τσοϊμπαλσάν"}},"Christmas":{"long":{"standard":"Ώρα Νησιού Χριστουγέννων"}},"Cocos":{"long":{"standard":"Ώρα Νησιών Κόκος"}},"Colombia":{"long":{"generic":"Ώρα Κολομβίας","standard":"Χειμερινή ώρα Κολομβίας","daylight":"Θερινή ώρα Κολομβίας"}},"Cook":{"long":{"generic":"Ώρα Νησιών Κουκ","standard":"Χειμερινή ώρα Νησιών Κουκ","daylight":"Θερινή ώρα Νησιών Κουκ"}},"Cuba":{"long":{"generic":"Ώρα Κούβας","standard":"Χειμερινή ώρα Κούβας","daylight":"Θερινή ώρα Κούβας"}},"Davis":{"long":{"standard":"Ώρα Ντέιβις"}},"DumontDUrville":{"long":{"standard":"Ώρα Ντιμόντ Ντερβίλ"}},"East_Timor":{"long":{"standard":"Ώρα Ανατολικού Τιμόρ"}},"Easter":{"long":{"generic":"Ώρα Νησιού Πάσχα","standard":"Χειμερινή ώρα Νησιού Πάσχα","daylight":"Θερινή ώρα Νησιού Πάσχα"}},"Ecuador":{"long":{"standard":"Ώρα Εκουαδόρ"}},"Europe_Central":{"long":{"generic":"Ώρα Κεντρικής Ευρώπης","standard":"Χειμερινή ώρα Κεντρικής Ευρώπης","daylight":"Θερινή ώρα Κεντρικής Ευρώπης"},"short":{"generic":"CET","standard":"CET","daylight":"CEST"}},"Europe_Eastern":{"long":{"generic":"Ώρα Ανατολικής Ευρώπης","standard":"Χειμερινή ώρα Ανατολικής Ευρώπης","daylight":"Θερινή ώρα Ανατολικής Ευρώπης"},"short":{"generic":"EET","standard":"EET","daylight":"EEST"}},"Europe_Further_Eastern":{"long":{"standard":"Ώρα περαιτέρω Ανατολικής Ευρώπης"}},"Europe_Western":{"long":{"generic":"Ώρα Δυτικής Ευρώπης","standard":"Χειμερινή ώρα Δυτικής Ευρώπης","daylight":"Θερινή ώρα Δυτικής Ευρώπης"},"short":{"generic":"WET","standard":"WET","daylight":"WEST"}},"Falkland":{"long":{"generic":"Ώρα Νησιών Φώκλαντ","standard":"Χειμερινή ώρα Νησιών Φώκλαντ","daylight":"Θερινή ώρα Νησιών Φώκλαντ"}},"Fiji":{"long":{"generic":"Ώρα Φίτζι","standard":"Χειμερινή ώρα Φίτζι","daylight":"Θερινή ώρα Φίτζι"}},"French_Guiana":{"long":{"standard":"Ώρα Γαλλικής Γουιάνας"}},"French_Southern":{"long":{"standard":"Ώρα Γαλλικού Νότου και Ανταρκτικής"}},"GMT":{"long":{"standard":"Μέση ώρα Γκρίνουιτς"}},"Galapagos":{"long":{"standard":"Ώρα Γκαλάπαγκος"}},"Gambier":{"long":{"standard":"Ώρα Γκάμπιερ"}},"Georgia":{"long":{"generic":"Ώρα Γεωργίας","standard":"Χειμερινή ώρα Γεωργίας","daylight":"Θερινή ώρα Γεωργίας"}},"Gilbert_Islands":{"long":{"standard":"Ώρα Νησιών Γκίλμπερτ"}},"Greenland_Eastern":{"long":{"generic":"Ώρα Ανατολικής Γροιλανδίας","standard":"Χειμερινή ώρα Ανατολικής Γροιλανδίας","daylight":"Θερινή ώρα Ανατολικής Γροιλανδίας"}},"Greenland_Western":{"long":{"generic":"Ώρα Δυτικής Γροιλανδίας","standard":"Χειμερινή ώρα Δυτικής Γροιλανδίας","daylight":"Θερινή ώρα Δυτικής Γροιλανδίας"}},"Guam":{"long":{"standard":"Ώρα Γκουάμ"}},"Gulf":{"long":{"standard":"Ώρα Κόλπου"}},"Guyana":{"long":{"standard":"Ώρα Γουιάνας"}},"Hawaii_Aleutian":{"long":{"generic":"Ώρα Χαβάης-Αλεούτιων νήσων","standard":"Χειμερινή ώρα Χαβάης-Αλεούτιων νήσων","daylight":"Θερινή ώρα Χαβάης-Αλεούτιων νήσων"}},"Hong_Kong":{"long":{"generic":"Ώρα Χονγκ Κονγκ","standard":"Χειμερινή ώρα Χονγκ Κονγκ","daylight":"Θερινή ώρα Χονγκ Κονγκ"}},"Hovd":{"long":{"generic":"Ώρα Χοβντ","standard":"Χειμερινή ώρα Χοβντ","daylight":"Θερινή ώρα Χοβντ"}},"India":{"long":{"standard":"Ώρα Ινδίας"}},"Indian_Ocean":{"long":{"standard":"Ώρα Ινδικού Ωκεανού"}},"Indochina":{"long":{"standard":"Ώρα Ινδοκίνας"}},"Indonesia_Central":{"long":{"standard":"Ώρα: Κεντρική Ινδονησία"}},"Indonesia_Eastern":{"long":{"standard":"Ώρα: Ανατολική Ινδονησία"}},"Indonesia_Western":{"long":{"standard":"Ώρα: Δυτική Ινδονησία"}},"Iran":{"long":{"generic":"Ώρα Ιράν","standard":"Χειμερινή ώρα Ιράν","daylight":"Θερινή ώρα Ιράν"}},"Irkutsk":{"long":{"generic":"Ώρα Ιρκούτσκ","standard":"Χειμερινή ώρα Ιρκούτσκ","daylight":"Θερινή ώρα Ιρκούτσκ"}},"Israel":{"long":{"generic":"Ώρα Ισραήλ","standard":"Χειμερινή ώρα Ισραήλ","daylight":"Θερινή ώρα Ισραήλ"}},"Japan":{"long":{"generic":"Ώρα Ιαπωνίας","standard":"Χειμερινή ώρα Ιαπωνίας","daylight":"Θερινή ώρα Ιαπωνίας"}},"Kamchatka":{"long":{"generic":"Ώρα Καμτσάτκα","standard":"Χειμερινή ώρα Πετροπαβλόβσκ-Καμτσάτσκι","daylight":"Θερινή ώρα Πετροπαβλόβσκ-Καμτσάτσκι"}},"Kazakhstan_Eastern":{"long":{"standard":"Ώρα Ανατολικού Καζακστάν"}},"Kazakhstan_Western":{"long":{"standard":"Ώρα Δυτικού Καζακστάν"}},"Korea":{"long":{"generic":"Ώρα Κορέας","standard":"Χειμερινή ώρα Κορέας","daylight":"Θερινή ώρα Κορέας"}},"Kosrae":{"long":{"standard":"Ώρα Κοσράης"}},"Krasnoyarsk":{"long":{"generic":"Ώρα Κρασνόγιαρσκ","standard":"Χειμερινή ώρα Κρασνόγιαρσκ","daylight":"Θερινή ώρα Κρασνόγιαρσκ"}},"Kyrgystan":{"long":{"standard":"Ώρα Κιργιστάν"}},"Line_Islands":{"long":{"standard":"Ώρα Νησιών Λάιν"}},"Lord_Howe":{"long":{"generic":"Ώρα Λορντ Χάου","standard":"Χειμερινή ώρα Λορντ Χάου","daylight":"Θερινή ώρα Λορντ Χάου"}},"Macau":{"long":{"generic":"Ώρα Μακάο","standard":"Χειμερινή ώρα Μακάο","daylight":"Θερινή ώρα Μακάο"}},"Macquarie":{"long":{"standard":"Ώρα Νησιού Μακουάρι"}},"Magadan":{"long":{"generic":"Ώρα Μάγκανταν","standard":"Χειμερινή ώρα Μάγκανταν","daylight":"Θερινή ώρα Μάγκανταν"}},"Malaysia":{"long":{"standard":"Ώρα Μαλαισίας"}},"Maldives":{"long":{"standard":"Ώρα Μαλδίβων"}},"Marquesas":{"long":{"standard":"Ώρα Μαρκέσας"}},"Marshall_Islands":{"long":{"standard":"Ώρα Νησιών Μάρσαλ"}},"Mauritius":{"long":{"generic":"Ώρα Μαυρίκιου","standard":"Χειμερινή ώρα Μαυρίκιου","daylight":"Θερινή ώρα Μαυρίκιου"}},"Mawson":{"long":{"standard":"Ώρα Μόσον"}},"Mexico_Northwest":{"long":{"generic":"Ώρα Βορειοδυτικού Μεξικού","standard":"Χειμερινή ώρα Βορειοδυτικού Μεξικού","daylight":"Θερινή ώρα Βορειοδυτικού Μεξικού"}},"Mexico_Pacific":{"long":{"generic":"Ώρα Ειρηνικού Μεξικού","standard":"Χειμερινή ώρα Ειρηνικού Μεξικού","daylight":"Θερινή ώρα Ειρηνικού Μεξικού"}},"Mongolia":{"long":{"generic":"Ώρα Ουλάν Μπατόρ","standard":"Χειμερινή ώρα Ουλάν Μπατόρ","daylight":"Θερινή ώρα Ουλάν Μπατόρ"}},"Moscow":{"long":{"generic":"Ώρα Μόσχας","standard":"Χειμερινή ώρα Μόσχας","daylight":"Θερινή ώρα Μόσχας"}},"Myanmar":{"long":{"standard":"Ώρα Μιανμάρ"}},"Nauru":{"long":{"standard":"Ώρα Ναούρου"}},"Nepal":{"long":{"standard":"Ώρα Νεπάλ"}},"New_Caledonia":{"long":{"generic":"Ώρα Νέας Καληδονίας","standard":"Χειμερινή ώρα Νέας Καληδονίας","daylight":"Θερινή ώρα Νέας Καληδονίας"}},"New_Zealand":{"long":{"generic":"Ώρα Νέας Ζηλανδίας","standard":"Χειμερινή ώρα Νέας Ζηλανδίας","daylight":"Θερινή ώρα Νέας Ζηλανδίας"}},"Newfoundland":{"long":{"generic":"Ώρα Νέας Γης","standard":"Χειμερινή ώρα Νέας Γης","daylight":"Θερινή ώρα Νέας Γης"}},"Niue":{"long":{"standard":"Ώρα Νιούε"}},"Norfolk":{"long":{"standard":"Ώρα Νησιών Νόρφολκ"}},"Noronha":{"long":{"generic":"Ώρα Φερνάρντο ντε Νορόνια","standard":"Χειμερινή ώρα Φερνάρντο ντε Νορόνια","daylight":"Θερινή ώρα Φερνάρντο ντε Νορόνια"}},"North_Mariana":{"long":{"standard":"Ώρα Νησιών Βόρειες Μαριάνες"}},"Novosibirsk":{"long":{"generic":"Ώρα Νοβοσιμπίρσκ","standard":"Χειμερινή ώρα Νοβοσιμπίρσκ","daylight":"Θερινή ώρα Νοβοσιμπίρσκ"}},"Omsk":{"long":{"generic":"Ώρα Ομσκ","standard":"Χειμερινή ώρα Ομσκ","daylight":"Θερινή ώρα Ομσκ"}},"Pakistan":{"long":{"generic":"Ώρα Πακιστάν","standard":"Χειμερινή ώρα Πακιστάν","daylight":"Θερινή ώρα Πακιστάν"}},"Palau":{"long":{"standard":"Ώρα Παλάου"}},"Papua_New_Guinea":{"long":{"standard":"Ώρα Παπουά Νέα Γουινέα"}},"Paraguay":{"long":{"generic":"Ώρα Παραγουάης","standard":"Χειμερινή ώρα Παραγουάης","daylight":"Θερινή ώρα Παραγουάης"}},"Peru":{"long":{"generic":"Ώρα Περού","standard":"Χειμερινή ώρα Περού","daylight":"Θερινή ώρα Περού"}},"Philippines":{"long":{"generic":"Ώρα Φιλιππινών","standard":"Χειμερινή ώρα Φιλιππινών","daylight":"Θερινή ώρα Φιλιππινών"}},"Phoenix_Islands":{"long":{"standard":"Ώρα Νησιών Φίνιξ"}},"Pierre_Miquelon":{"long":{"generic":"Ώρα Σαιντ Πιερ και Μικελόν","standard":"Χειμερινή ώρα Σαιντ Πιερ και Μικελόν","daylight":"Θερινή ώρα Σαιντ Πιερ και Μικελόν"}},"Pitcairn":{"long":{"standard":"Ώρα Πίτκερν"}},"Ponape":{"long":{"standard":"Ώρα Πονάπε"}},"Reunion":{"long":{"standard":"Ώρα Ρεϊνιόν"}},"Rothera":{"long":{"standard":"Ώρα Ροθέρα"}},"Sakhalin":{"long":{"generic":"Ώρα Σαχαλίνης","standard":"Χειμερινή ώρα Σαχαλίνης","daylight":"Θερινή ώρα Σαχαλίνης"}},"Samara":{"long":{"generic":"Ώρα Σάμαρας","standard":"Χειμερινή ώρα Σάμαρας","daylight":"Θερινή ώρα Σαμάρας"}},"Samoa":{"long":{"generic":"Ώρα Σαμόα","standard":"Χειμερινή ώρα Σαμόα","daylight":"Θερινή ώρα Σαμόα"}},"Seychelles":{"long":{"standard":"Ώρα Σεϋχελλών"}},"Singapore":{"long":{"standard":"Ώρα Σιγκαπούρης"}},"Solomon":{"long":{"standard":"Ώρα Νησιών Σολομώντα"}},"South_Georgia":{"long":{"standard":"Ώρα Νότιας Γεωργίας"}},"Suriname":{"long":{"standard":"Ώρα Σουρινάμ"}},"Syowa":{"long":{"standard":"Ώρα Σίοβα"}},"Tahiti":{"long":{"standard":"Ώρα Αϊτής"}},"Taipei":{"long":{"generic":"Ώρα Ταϊπέι","standard":"Χειμερινή ώρα Ταϊπέι","daylight":"Θερινή ώρα Ταϊπέι"}},"Tajikistan":{"long":{"standard":"Ώρα Τατζικιστάν"}},"Tokelau":{"long":{"standard":"Ώρα Τοκελάου"}},"Tonga":{"long":{"generic":"Ώρα Τόνγκα","standard":"Χειμερινή ώρα Τόνγκα","daylight":"Θερινή ώρα Τόνγκα"}},"Truk":{"long":{"standard":"Ώρα Τσουκ"}},"Turkmenistan":{"long":{"generic":"Ώρα Τουρκμενιστάν","standard":"Χειμερινή ώρα Τουρκμενιστάν","daylight":"Θερινή ώρα Τουρκμενιστάν"}},"Tuvalu":{"long":{"standard":"Ώρα Τουβαλού"}},"Uruguay":{"long":{"generic":"Ώρα Ουρουγουάης","standard":"Χειμερινή ώρα Ουρουγουάης","daylight":"Θερινή ώρα Ουρουγουάης"}},"Uzbekistan":{"long":{"generic":"Ώρα Ουζμπεκιστάν","standard":"Χειμερινή ώρα Ουζμπεκιστάν","daylight":"Θερινή ώρα Ουζμπεκιστάν"}},"Vanuatu":{"long":{"generic":"Ώρα Βανουάτου","standard":"Χειμερινή ώρα Βανουάτου","daylight":"Θερινή ώρα Βανουάτου"}},"Venezuela":{"long":{"standard":"Ώρα Βενεζουέλας"}},"Vladivostok":{"long":{"generic":"Ώρα Βλαδιβοστόκ","standard":"Χειμερινή ώρα Βλαδιβοστόκ","daylight":"Θερινή ώρα Βλαδιβοστόκ"}},"Volgograd":{"long":{"generic":"Ώρα Βόλγκογκραντ","standard":"Χειμερινή ώρα Βόλγκογκραντ","daylight":"Θερινή ώρα Βόλγκογκραντ"}},"Vostok":{"long":{"standard":"Ώρα Βόστοκ"}},"Wake":{"long":{"standard":"Ώρα Νησιού Γουέικ"}},"Wallis":{"long":{"standard":"Ώρα Ουόλις και Φουτούνα"}},"Yakutsk":{"long":{"generic":"Ώρα Γιακούτσκ","standard":"Χειμερινή ώρα Γιακούτσκ","daylight":"Θερινή ώρα Γιακούτσκ"}},"Yekaterinburg":{"long":{"generic":"Ώρα Αικατερίνμπουργκ","standard":"Χειμερινή ώρα Αικατερίνμπουργκ","daylight":"Θερινή ώρα Αικατερίνμπουργκ"}}}}